title,cat,valeur
02 The Avener,artist,1
#220219masic,event,1
#220219masic,moment,0
#OZ,artist,1
(pl François) Sénégal,event,0
(pl François) Sénégal,genre,1
...VASCO 7,artist,0
.ROCK _ Cold wave,period,0
.y Ava Max banger no cap y.,top,1
0 song bird,genre,0
01 Arcadien,genre,0
100% Pandore,artist,1
07 Anciens Favoris,moment,1
07 Anciens Favoris,top,1
1017,moment,0
100% Riles,artist,1
Adam & Eve,artist,1
Afro - Deep Forest,artist,1
Block party,artist,0
2 - Love Playlist,genre,0
2000’s classics,top,1
2018 Blind test,moment,1
2018 News,moment,1
2018 News,period,0
2018 sa mère,top,0
2023 et des gros banjés,top,1
Chelsea Wolfe ep,artist,1
312020,event,1
312020,moment,0
31 Pequenito project,context,0
31 Pequenito project,event,0
5 🎹,genre,1
6h Summer,context,1
6h Summer,moment,0
6h Summer,mood,1
Concert TDH Glasgow,artist,1
Concorde,artist,1
A écouter par moi,person,0
A écouter par moi,top,0
A écouter pour se relaxer,context,1
A-Plk Only 🎧🍯,top,0
DJAX RE UP,artist,1
A1. Rap Chill (déc 2017),mood,1
Dinos ✨,artist,1
Afon,mood,1
Africa,artist,0
Africa,genre,1
Eurythmique,artist,1
Fifth Harmony,artist,1
Ghibli,artist,1
All at once,artist,0
Allemagne,event,0
Allemagne,genre,1
Amy,artist,1
Amy,person,0
Anniv Oldies,period,1
Anniv Oldies,person,0
Gladys night,artist,1
JJ,artist,1
Key Largo,artist,1
LBDL,artist,1
Laeti,artist,1
Mica,artist,0
BO Mylène Farmer,genre,0
BOUM,context,1
BOUM,mood,0
BTB,artist,0
Muse eurockeennes 2022,artist,1
Nike ta mère,artist,0
Badass Bass,mood,0
Banners,artist,1
Baw,artist,1
Pascale picard,artist,1
Samia,artist,1
Bemer on the road VI,artist,0
Bemer on the road VI,context,1
Bemer on the road VI,person,0
Best Of Haendel,top,0
Best Outlander,artist,1
Best Outlander,genre,0
Shak,artist,0
Blind 2,context,1
Blind Test - Soirée Bad,context,0
Blind Test - Soirée Bad,event,1
Soso madness,artist,1
Surfaces - chill music,artist,1
Block party,event,0
Block party,genre,1
TSN,artist,1
Bonne nuit,mood,0
Tool Arena,artist,1
Booba morceaux les plus populaires 25/05/2017,top,0
USN PL Soleil Noir,artist,1
Boum Boum boum,genre,1
Boum Boum boum,mood,0
"Break it, Drop it!!",genre,1
"Break it, Drop it!!",mood,0
Brossier,artist,1
COLORS,genre,0
CSE Blind Test,context,0
CSE Blind Test,event,1
Calme posé,context,1
Calme/Relaxation/Bebe,context,1
Calme/Relaxation/Bebe,person,1
Calming Music for Anxiety / Stress / HSP (Instrume,genre,1
Carannie,person,0
blade P,artist,1
da3m0ns: ange noir / FK UR SINS,artist,0
enemy,artist,0
Chansons d'amour,genre,0
Chansons d'amour,mood,1
CharlElie Couture,artist,1
CharlElie Couture,context,0
CharlElie Couture,person,0
gonna be a big man someday,artist,0
Chœur NDG,context,0
inigo montoya,artist,1
lia's songs,artist,0
Classic Shit Vol.5,genre,0
like a hobo,artist,1
Classic Shit Vol.5,top,1
Classic de films,top,1
Clementine Comptine,context,0
mtbrd,artist,1
obx,artist,1
Cmusique allemande de Schutz à Bach,artist,1
Compile 2012 - 2104,top,0
train2vie,artist,1
Concert TDH Glasgow,event,1
yello,artist,1
Confined & refined,moment,1
Confined & refined,mood,0
Confined & refined,top,0
Cool 2015,mood,1
Cool Mat 4,context,0
A Massage Classique octobre,context,1
Cool Mat 4,person,1
Block party,context,0
Couzinade🤪,person,0
Croods Schreiber,artist,1
Boum Boum boum,context,0
Chansons cérémonie,context,1
Club med,context,1
Cross 2,context,1
Céleste,artist,1
Céleste,person,1
Crêpes,context,1
"Dam Dam, on danse",context,1
Da Franco Cou'D'Coeur,artist,0
Da Franco Cou'D'Coeur,person,1
Danse perso,context,1
Dam 34,event,1
Dam 34,person,1
En boucle seul,context,1
Fifth Harmony,context,0
Destroy,artist,0
Destroy,mood,1
Il va faire tout noir,context,1
Musique motivation 💪🏻💪🏻💪🏻,context,1
Douceur Vocale,mood,1
Pour Mix,context,1
ECOS,artist,0
Electro / Chill / Son,mood,1
Electrofun,mood,0
R -JOUR DE TARTIFLETTE,context,0
Relaxing,context,0
En boucle seul,mood,0
En boucle seul,top,0
En mode menace Santana,mood,0
Enfant,genre,1
Enfant,person,0
Epic rap battle of history,period,0
Erasure - Best Of,top,0
Sleeping Sheep,context,1
Spiritualité 2,context,1
Even terrible teenage me,mood,1
Even terrible teenage me,person,0
Everything I listen to,top,0
Extraterrestrial,artist,1
Extraterrestrial,mood,0
F -DJ SET 12,context,0
F -DJ SET 12,event,0
F27,artist,0
Toi et Moi,context,0
Un après-midi,context,1
ahhhhmmmmmmm🥪🌭🍔🍟🍗🍖🧁🍩🍪🍿🎂,context,0
belle_etoile,context,1
Film East Side/Ouest Side-13-14-15-16-17-,artist,1
Film East Side/Ouest Side-13-14-15-16-17-,genre,0
dancing enfants,context,1
Fitness Motivation Hits 2022,mood,1
danse 20,context,1
Flow métal,mood,0
Foi,genre,0
Foi,mood,1
happy day,context,0
Frappe,top,0
Freteville,context,0
Freteville,event,0
Funfit 2022,context,1
meditation et zen,context,1
parade,context,0
Funfit 2022,mood,0
Funk of today,period,1
scout,context,1
Funky and groovy,mood,1
soiree top juin,context,0
GIRLS !,artist,0
GIRLS !,genre,1
Gentils Garçons,artist,1
Gentils Garçons,genre,0
soirée GT,context,0
train2vie,context,0
🍸🏝,context,0
💪🏼,context,1
😎🥳,context,1
Good Vib...,mood,1
12/05/21,event,1
Gova 😎,mood,1
Gran Bang,artist,1
Guitar Hero III,artist,1
Guitar Hero III,genre,0
Gwada 2k22-23,event,0
Gwada 2k22-23,moment,1
HART Beth 2022 A Tribute to Led Zeppelin,event,0
HB Thiéfaine,artist,1
HB Thiéfaine,event,0
HB Thiéfaine,person,0
HG,person,0
30,event,1
Anniversaire papa rock,event,1
Antonin et Jules,event,1
Bayonne 2014,event,1
Hot Reggaeton Latino,mood,0
I Guess I'll have to Change my Plan,artist,1
I Guess I'll have to Change my Plan,mood,1
Ibiza,context,0
Ibiza,event,1
Ibiza,genre,1
Ibiza,moment,0
Booba morceaux les plus populaires 25/05/2017,event,0
Ils ont osé,genre,0
Chansons cérémonie,event,1
Club med,event,0
Crêpes,event,0
Funfit 2022,event,0
JUL a l’encienne,period,0
janvier 2,event,0
janvier 2,moment,1
Gladys night,event,0
Join The Future : UK Bleep,period,0
Gorillaz: The Setlist,event,0
Key Largo,event,0
Journée d’été,mood,1
Philarmonie,event,0
Pilouzic2023,event,1
Un après-midi,event,0
anniv Côme,event,1
Kult FM,artist,1
Kundalove,artist,0
Kundalove,mood,0
caba et jj,event,0
daily september 21,event,0
festayre,event,1
goa,event,0
Lakestone chap16,event,0
Laptiteden,artist,1
marie et gui,event,1
Les titres du moment 19/08/21,event,1
Les titres du moment 19/08/21,moment,0
san josé cool,event,1
soiree top juin,event,1
Lewis & Clark,context,0
Little mix,artist,1
Los Venites,artist,0
Los Venites,genre,0
soirée tei,event,1
wg party,event,1
LoveSongs,genre,0
Légendes du Rock,top,1
M&M's,artist,0
MSB_Psycko,artist,0
MSB_Psycko,context,0
MUSCU ARC 2 👹👹,moment,0
Ma dernière playlist,moment,1
Make it easy,mood,1
Mauvais ordre,artist,1
10 chansons brit  pour se lever,genre,1
Badass Bass,genre,1
Chansons cérémonie,genre,1
Mica,person,0
Mole's 2020 soundtrack,context,0
Chœur NDG,genre,1
Douceur Vocale,genre,1
Mon côté babos,moment,0
Duo Trio,genre,1
Motivation 👟,context,1
Far West,genre,1
Funky and groovy,genre,1
Muse eurockeennes 2022,event,1
GDD POP,genre,1
Musique Mp3,moment,0
Ghibli,genre,1
Hit girls,genre,1
My2022,top,0
Joshua’s drill,genre,1
MyAlter,top,0
NI 💥,artist,0
Just Songs.,genre,0
Les poètes,genre,1
Never Mind School/Let's Rock  (Rentrée 2017),event,0
Never Mind School/Let's Rock  (Rentrée 2017),moment,1
Never Mind School/Let's Rock  (Rentrée 2017),mood,0
New DANCE!!!!,genre,1
Merengue - Elvis Crespo,genre,1
Nike ta mère,genre,0
MyAlter,genre,0
Noize Annoyz Spring 2018,artist,0
Nvl an,event,1
OHPE 2019,artist,0
Nenette Love Slows,genre,1
ORIGINAL SAMPLE,genre,1
Olympia 1973 - Maxime Le Forestier,event,0
Orange,artist,0
PLAY 1,top,0
Panic At The Disco,artist,1
Panic At The Disco,genre,0
Papy blues,artist,0
Papy blues,genre,1
Paris 36,genre,0
Philarmonie,genre,1
Podcasts Anglais,genre,1
Petit miel sucré caramélisé a l’ancienne,period,0
Petit miel sucré caramélisé a l’ancienne,top,0
Sea Shanties,genre,1
Techno Cool,genre,1
Phillips2000,person,0
Phrases enfants Epikoi enkor,person,0
Piano 4 Mains,context,0
Westwards,genre,1
Play 5,top,0
Yéyé 2019,genre,1
Pop douce pour travailler,mood,1
Poupies,artist,1
ZoukaLova,genre,1
Projet ML,context,0
Projet ML,event,0
Quiet Hours,mood,0
a hard,genre,1
arap,genre,1
chanson française Aurélie,genre,1
Repas Chocolat,event,1
Road to sunny,context,1
Rock (newschool),period,0
danse 20,genre,0
Rock de vioque,period,1
Rock 🍺,context,1
Roline,person,0
Rolling baby!!,artist,0
Rolling baby!!,genre,1
Rolling baby!!,mood,1
Roy ❤,person,0
S'entraîner à Chanter,context,1
SALOOOO,mood,1
"SANDRA "" Reflections """,artist,1
"SANDRA "" Reflections """,mood,0
"SANDRA "" Reflections """,person,0
SOPHIE evjf,event,1
STARTER 62,event,0
SYNTH&TIC -- 80s en héritage,genre,1
Salim,artist,0
goa,genre,1
guitare loulou,genre,1
Sans voix...,genre,1
Sans voix...,top,0
Say Nothing,mood,0
génération hit machine 80/2010,genre,0
krap,genre,1
mix stylé chill,genre,0
See You Again,artist,1
Sejo,artist,1
Sejo,person,0
Selec Jazz,top,0
Setlist Françoiz Breut ATBC 17 Nov 2022,event,1
reprise > originale,genre,1
selecton danceFloor,genre,0
Shak,genre,0
A Massage Classique octobre,moment,1
Slow Anniversaire Papa,genre,1
Sons d'été 🏝,context,1
Sons d'été 🏝,moment,0
Sons d'été 🏝,mood,1
Sons of Anarchy S03,artist,1
Sons of Anarchy S03,genre,0
A1. Rap Chill (déc 2017),moment,1
Bayonne 2014,moment,0
Souvenirs d’enfance,mood,0
Space,genre,0
Spice Girls #GirlPower,mood,0
Coup de cœur du week end,moment,0
St Martin 2015,moment,0
Stage Delft 2,event,0
Stage Delft 2,moment,1
Sunday,mood,0
Super Junior,artist,1
Super Junior,person,0
DEEZER 2010,moment,1
Surfaces - chill music,genre,0
Surfaces - chill music,mood,1
Survival tips,mood,0
Survival tips,top,0
TO SHAKE AND MOVE,context,1
TO SHAKE AND MOVE,mood,1
Fevrier❄️❄️❄️,moment,1
Flashback,moment,1
Taytay,artist,0
Taytay,person,0
Funfit 2022,moment,1
Injustement oubliés,moment,1
Theo dessin animés,genre,1
Thot $hit,artist,0
Thot $hit,top,1
Titres du moment,moment,1
Iron maiden la defense arena 2022,moment,0
Mole's 2020 soundtrack,moment,1
Toi et Moi,mood,1
Mp3 tah l'époque,moment,1
Top 1955,top,1
Top 50 - 30ème anniversaire,event,1
Top 50 - 30ème anniversaire,top,1
US 2020,event,0
US 2020,genre,1
US 2020,moment,1
US Ambiancé,context,0
US Ambiancé,mood,1
Offsprings concert 2023,moment,0
Sea Shanties,moment,0
blind test Méaudre mai 2023,moment,0
Un après-midi,mood,0
Un peu de nous,mood,1
cOcOvid 19,moment,1
VB-Chill soirée,genre,0
VB-Chill soirée,person,0
Valfrejus 2023,moment,0
Vasur,person,0
Vintage new music,genre,0
Vintage new music,period,1
Were the end begins,mood,1
flower power 2020,moment,1
Westworld,artist,1
Westworld,genre,0
What the Folk!,artist,0
What the Folk!,genre,1
Why Try,artist,1
Wilfried,artist,0
Wilfried,person,1
X JAPAN,artist,1
X JAPAN,genre,0
YT Zyprexa,artist,0
mon top du mois juin,moment,1
Years and Years,artist,1
Years and Years,mood,0
new2,moment,1
titres du moment,moment,1
Yéyé 2019,moment,1
Yéyé 2019,period,0
ZZ_ARCHIVE _ 25 ans - Festif,context,1
ZZ_ARCHIVE _ 25 ans - Festif,moment,1
ZZ_ARCHIVE _ 25 ans - Festif,mood,0
vielle music,moment,1
# ❤️‍🩹,mood,1
_____________ajd,moment,0
Airy,mood,1
Bohème,mood,1
abcsch,artist,1
adele 2,artist,1
adele 2,person,0
Cool Mat 4,mood,1
ahhhhmmmmmmm🥪🌭🍔🍟🍗🍖🧁🍩🍪🍿🎂,top,0
ambiance copains,context,1
ambiance copains,mood,0
amorous ⛈,artist,0
amorous ⛈,mood,1
ancienne musique,moment,1
anciennes musiques,moment,1
Electrolove,mood,1
anniversaire Pepousie,mood,0
anniversaire Pepousie,person,1
antinea,artist,0
apologize,artist,0
Eurythmique,mood,0
assez !,mood,0
aux souvenirs oubliés 🤍,moment,0
Frappe,mood,0
Hasard Heureux,mood,1
a🩷🩷🩷🩷🩷,top,0
Hit Hard,mood,1
Let’s Get Spooky,mood,1
beauf fragile,genre,0
beauf fragile,mood,0
Love to you Muisix 🥃📼🎶💜,mood,1
belle_etoile,mood,0
Mon côté babos,mood,1
NOW VIBES 11/2021,mood,0
Nike ta mère,mood,1
blindtest c’est l’été!,moment,0
bonjour,context,1
cOcOvid 19,event,0
Relaxing,mood,1
Rock Chill,mood,1
Sex,mood,1
chanson d été,context,1
chanson d été,mood,1
"Sorry, I care..",mood,1
chansons à faire au ukulele,context,1
chill and hot night,context,1
chill rap study,mood,1
compil tranquille du dimanche,mood,1
cool love,genre,0
Techno Cool,mood,1
YT Zyprexa,mood,1
You Found me,mood,0
daily september 21,context,0
ZoukaLova,mood,1
a hard,mood,0
dancing enfants,genre,1
aux souvenirs oubliés 🤍,mood,1
coule,mood,1
digne,mood,0
delecte d la feuille,mood,0
delecte d la feuille,top,1
gonna be a big man someday,mood,1
disco dance 1,context,0
découverte et autres,top,0
ne me ramène pas,mood,1
plann,mood,1
feur,artist,0
flow BB,mood,0
flow BB,person,0
qui donne la patate,mood,1
footing Mali,genre,1
footing Mali,moment,0
fête cool,mood,0
souvenirs 🌻,mood,1
to fill up my heart,mood,1
xoxo,mood,1
{ 2017 - Sunset },mood,1
guitare loulou,context,1
💪🏼,mood,0
😎🥳,mood,1
BLINDTEST - A l'ancienne,period,0
Back to 90s,period,1
hors ligne Aurélien,context,1
Classic 2,period,0
ian,artist,0
ian,person,1
indispensable mariage,context,0
indispensable mariage,event,1
indispensable mariage,top,0
Classic Shit Vol.5,period,0
italienne resto,event,0
italienne resto,genre,0
jvends,artist,0
kikirock,person,0
First part of the eighties,period,1
laserdance,artist,1
laserdance,genre,0
lectur4,context,1
Injustement oubliés,period,0
vielle music,period,0
Alela Diane,person,0
Anniv' mariage pomme le boss,person,1
lilip,person,0
Anniversaire papa rock,person,1
love songs Zaz,genre,0
Crématorium Papa Françoise,person,1
main character,mood,0
marathon nervers,context,0
marathon nervers,event,1
mariage jazz,context,0
mariage jazz,event,1
Jean-Bernard,person,1
Joshua’s drill,person,1
Kidz,person,1
mes albums,top,1
mimi,person,0
Laeti,person,0
Mole's 2020 soundtrack,person,1
mon top du mois juin,top,1
monday,mood,0
Musique Enfants,person,1
musique de boite,context,0
musiques trad,period,1
namour,mood,1
Pascale picard,person,0
nana,artist,0
nana,person,0
Samia,person,0
new guiana 2017,moment,0
Scott,person,1
news vendredi 10/06/20,event,1
no man,artist,1
non conventionnelle,genre,0
nunu,artist,1
nunu,person,0
Un peu de nous,person,1
oby one,artist,1
old dance,genre,1
original dansant,context,1
original dansant,mood,0
otis redding best of,top,0
avec tonton,person,1
picnic woot,context,1
picnic woot,event,0
beajenny,person,1
playlist pour orl,context,0
playlist pour orl,person,1
pop rock surf,context,0
pour quand je voudrais faire du sport,moment,0
pov : tu révises dans un château,mood,0
profs élèves,context,0
préhistoire,period,0
blind test Méaudre mai 2023,person,0
rap classic de vieux! yoyo,top,0
rape,genre,1
relaxe,context,1
caba et jj,person,0
rico loco,artist,1
rico loco,mood,0
dad,person,1
ronaldhino,artist,1
ronaldhino,context,0
rétro cinéma,period,1
dancing enfants,person,1
sasha2012,moment,1
guitare loulou,person,1
hors ligne Aurélien,person,1
lia's songs,person,1
sep,moment,0
servas,context,0
servas,event,0
sing 🗣,context,1
skiiiii ⛷️⛷️,context,1
skiiiii ⛷️⛷️,event,0
lorie,person,0
namour,person,1
soiree top juin,top,1
rock jade,person,1
trisatn,person,1
souvenirs 🌻,moment,1
voiture w mama,person,1
star waz,artist,1
star waz,genre,0
step rap,context,0
still,mood,0
summer tropico,context,0
summer tropico,genre,1
summer tropico,mood,1
지미 ❤️‍🔥,person,1
the Charly s hit,person,1
Awesome mix vol.3,top,1
Best Outlander,top,1
Da Franco Cou'D'Coeur,top,1
tls,context,0
tls,moment,0
Good Music,top,1
top 2k18 Coline,top,1
"HITS 2018 "" vol 2 """,top,0
La sélec,top,1
Les titres du moment 19/08/21,top,0
Love 🥰,top,0
une une ancienne version,genre,0
vendée,genre,0
veni qui,artist,0
Metal Essentials,top,1
My very best of INDOCHINE,top,1
TOP ZZ Top,top,1
vsco,context,0
wet sand,artist,0
wet sand,mood,0
Titres du moment,top,0
wg party,person,0
basics,top,1
les best,top,1
{ 2011 - Mes Vieilles Charrues },event,1
{ 2011 - Mes Vieilles Charrues },moment,0
{ 2011 - Mes Vieilles Charrues },top,0
m'y playlist,top,1
à ré-écouter,context,0
‐M‐ @ Le Scarabée 2023,event,1
☀️day,context,1
♡ русский язык ♡,top,0
中国音乐🎶,genre,1
지미 ❤️‍🔥,artist,1
mes 50 merveilles,top,1
🌫,mood,1
🌻,mood,1
selecton danceFloor,top,0
🍸🏝,mood,1
🍻🍾,context,1
🍻🍾,mood,0
the Beatles en 20 titres,top,1
the greatest,top,1
titres du moment,top,0
top jazz,top,1
🚀🌑,mood,0
# musique,artist,0
# musique,context,0
# musique,event,0
# musique,genre,0
# musique,moment,0
# musique,mood,0
# musique,period,0
# musique,person,0
# musique,top,0
# ❤️‍🩹,artist,0
# ❤️‍🩹,context,0
# ❤️‍🩹,event,0
# ❤️‍🩹,genre,0
# ❤️‍🩹,moment,0
# ❤️‍🩹,period,0
# ❤️‍🩹,person,0
# ❤️‍🩹,top,0
#220219masic,artist,0
#220219masic,context,0
#220219masic,genre,0
#220219masic,mood,0
#220219masic,period,0
#220219masic,person,0
#220219masic,top,0
#Ace of base,artist,1
#Ace of base,context,0
#Ace of base,event,0
#Ace of base,genre,0
#Ace of base,moment,0
#Ace of base,mood,0
#Ace of base,period,0
#Ace of base,person,0
#Ace of base,top,0
#OZ,context,0
#OZ,event,0
#OZ,genre,0
#OZ,moment,0
#OZ,mood,0
#OZ,period,0
#OZ,person,0
#OZ,top,0
#Old School,artist,0
#Old School,context,0
#Old School,event,0
#Old School,genre,0
#Old School,moment,0
#Old School,mood,0
#Old School,period,1
#Old School,person,0
#Old School,top,0
(pl François) Sénégal,artist,0
(pl François) Sénégal,context,0
(pl François) Sénégal,moment,0
(pl François) Sénégal,mood,0
(pl François) Sénégal,period,0
(pl François) Sénégal,person,1
(pl François) Sénégal,top,0
- 2019 - 12,artist,0
- 2019 - 12,context,0
- 2019 - 12,event,0
- 2019 - 12,genre,0
- 2019 - 12,moment,1
- 2019 - 12,mood,0
- 2019 - 12,period,0
- 2019 - 12,person,0
- 2019 - 12,top,0
. Alicia,artist,0
. Alicia,context,0
. Alicia,event,0
. Alicia,genre,0
. Alicia,moment,0
. Alicia,mood,0
. Alicia,period,0
. Alicia,person,1
. Alicia,top,0
...VASCO 7,context,0
...VASCO 7,event,0
...VASCO 7,genre,0
...VASCO 7,moment,0
...VASCO 7,mood,0
...VASCO 7,period,0
...VASCO 7,person,0
...VASCO 7,top,0
.ROCK _ Cold wave,artist,0
.ROCK _ Cold wave,context,0
.ROCK _ Cold wave,event,0
.ROCK _ Cold wave,genre,1
.ROCK _ Cold wave,moment,0
.ROCK _ Cold wave,mood,0
.ROCK _ Cold wave,person,0
.ROCK _ Cold wave,top,0
.gggx,artist,0
.gggx,context,0
.gggx,event,0
.gggx,genre,0
.gggx,moment,0
.gggx,mood,0
.gggx,period,0
.gggx,person,0
.gggx,top,0
.y Ava Max banger no cap y.,artist,1
.y Ava Max banger no cap y.,context,0
.y Ava Max banger no cap y.,event,0
.y Ava Max banger no cap y.,genre,0
.y Ava Max banger no cap y.,moment,0
.y Ava Max banger no cap y.,mood,0
.y Ava Max banger no cap y.,period,0
.y Ava Max banger no cap y.,person,0
0 - Rock,artist,0
0 - Rock,context,0
0 - Rock,event,0
0 - Rock,genre,1
0 - Rock,moment,0
0 - Rock,mood,0
0 - Rock,period,0
0 - Rock,person,0
0 - Rock,top,0
0 GEN Motivation,artist,0
0 GEN Motivation,context,0
0 GEN Motivation,event,0
0 GEN Motivation,genre,0
0 GEN Motivation,moment,0
0 GEN Motivation,mood,1
0 GEN Motivation,period,0
0 GEN Motivation,person,0
0 GEN Motivation,top,0
0 song bird,artist,0
0 song bird,context,0
0 song bird,event,0
0 song bird,moment,0
0 song bird,mood,0
0 song bird,period,0
0 song bird,person,0
0 song bird,top,0
00piano,artist,0
00piano,context,0
00piano,event,0
00piano,genre,1
00piano,moment,0
00piano,mood,0
00piano,period,0
00piano,person,0
00piano,top,0
01 Arcadien,artist,0
01 Arcadien,context,0
01 Arcadien,event,0
01 Arcadien,moment,0
01 Arcadien,mood,0
01 Arcadien,period,0
01 Arcadien,person,0
01 Arcadien,top,0
01- 2020,artist,0
01- 2020,context,0
01- 2020,event,0
01- 2020,genre,0
01- 2020,moment,1
01- 2020,mood,0
01- 2020,period,0
01- 2020,person,0
01- 2020,top,0
01/11/2019,artist,0
01/11/2019,context,0
01/11/2019,event,1
01/11/2019,genre,0
01/11/2019,moment,0
01/11/2019,mood,0
01/11/2019,period,0
01/11/2019,person,0
01/11/2019,top,0
02 The Avener,context,0
02 The Avener,event,0
02 The Avener,genre,0
02 The Avener,moment,0
02 The Avener,mood,0
02 The Avener,period,0
02 The Avener,person,0
02 The Avener,top,0
05/23,artist,0
05/23,context,0
05/23,event,0
05/23,genre,0
05/23,moment,1
05/23,mood,0
05/23,period,0
05/23,person,0
05/23,top,0
07 Anciens Favoris,artist,0
07 Anciens Favoris,context,0
07 Anciens Favoris,event,0
07 Anciens Favoris,genre,0
07 Anciens Favoris,mood,0
07 Anciens Favoris,period,0
07 Anciens Favoris,person,0
1 depress,artist,0
1 depress,context,0
1 depress,event,0
1 depress,genre,0
1 depress,moment,0
1 depress,mood,1
1 depress,period,0
1 depress,person,0
1 depress,top,0
1/blues,artist,0
1/blues,context,0
1/blues,event,0
1/blues,genre,1
1/blues,moment,0
1/blues,mood,0
1/blues,period,0
1/blues,person,0
1/blues,top,0
1017,artist,0
1017,context,0
1017,event,0
1017,genre,0
1017,mood,0
1017,period,0
1017,person,0
1017,top,0
10 chansons brit  pour se lever,artist,0
10 chansons brit  pour se lever,context,1
10 chansons brit  pour se lever,event,0
10 chansons brit  pour se lever,moment,0
10 chansons brit  pour se lever,mood,0
10 chansons brit  pour se lever,period,0
10 chansons brit  pour se lever,person,0
10 chansons brit  pour se lever,top,0
10/2019,artist,0
10/2019,context,0
10/2019,event,0
10/2019,genre,0
10/2019,moment,1
10/2019,mood,0
10/2019,period,0
10/2019,person,0
10/2019,top,0
100% Mac Miller,artist,1
100% Mac Miller,context,0
100% Mac Miller,event,0
100% Mac Miller,genre,0
100% Mac Miller,moment,0
100% Mac Miller,mood,0
100% Mac Miller,period,0
100% Mac Miller,person,0
100% Mac Miller,top,0
100% Pandore,context,0
100% Pandore,event,0
100% Pandore,genre,0
100% Pandore,moment,0
100% Pandore,mood,0
100% Pandore,period,0
100% Pandore,person,0
100% Pandore,top,0
100% RAP,artist,0
100% RAP,context,0
100% RAP,event,0
100% RAP,genre,1
100% RAP,moment,0
100% RAP,mood,0
100% RAP,period,0
100% RAP,person,0
100% RAP,top,0
100% Riles,context,0
100% Riles,event,0
100% Riles,genre,0
100% Riles,moment,0
100% Riles,mood,0
100% Riles,period,0
100% Riles,person,0
100% Riles,top,0
100% raaap,artist,0
100% raaap,context,0
100% raaap,event,0
100% raaap,genre,1
100% raaap,moment,0
100% raaap,mood,0
100% raaap,period,0
100% raaap,person,0
100% raaap,top,0
100%Simon Curtis,artist,1
100%Simon Curtis,context,0
100%Simon Curtis,event,0
100%Simon Curtis,genre,0
100%Simon Curtis,moment,0
100%Simon Curtis,mood,0
100%Simon Curtis,period,0
100%Simon Curtis,person,0
100%Simon Curtis,top,0
10ème liste nov 2016,artist,0
10ème liste nov 2016,context,0
10ème liste nov 2016,event,0
10ème liste nov 2016,genre,0
10ème liste nov 2016,moment,1
10ème liste nov 2016,mood,0
10ème liste nov 2016,period,0
10ème liste nov 2016,person,0
10ème liste nov 2016,top,0
12/05/21,artist,0
12/05/21,context,0
12/05/21,genre,0
12/05/21,moment,0
12/05/21,mood,0
12/05/21,period,0
12/05/21,person,0
12/05/21,top,0
12km Sanary,artist,0
12km Sanary,context,0
12km Sanary,event,1
12km Sanary,genre,0
12km Sanary,moment,0
12km Sanary,mood,0
12km Sanary,period,0
12km Sanary,person,0
12km Sanary,top,0
2 - Love Playlist,artist,0
2 - Love Playlist,context,0
2 - Love Playlist,event,0
2 - Love Playlist,moment,0
2 - Love Playlist,mood,1
2 - Love Playlist,period,0
2 - Love Playlist,person,0
2 - Love Playlist,top,0
2 soirée,artist,0
2 soirée,context,1
2 soirée,event,0
2 soirée,genre,0
2 soirée,moment,0
2 soirée,mood,0
2 soirée,period,0
2 soirée,person,0
2 soirée,top,0
2.3 flûtes,artist,0
2.3 flûtes,context,0
2.3 flûtes,event,0
2.3 flûtes,genre,1
2.3 flûtes,moment,0
2.3 flûtes,mood,0
2.3 flûtes,period,0
2.3 flûtes,person,0
2.3 flûtes,top,0
2000’s,artist,0
2000’s,context,0
2000’s,event,0
2000’s,genre,0
2000’s,moment,0
2000’s,mood,0
2000’s,period,1
2000’s,person,0
2000’s,top,0
2000’s classics,artist,0
2000’s classics,context,0
2000’s classics,event,0
2000’s classics,genre,0
2000’s classics,moment,0
2000’s classics,mood,0
2000’s classics,period,1
2000’s classics,person,0
2003,artist,0
2003,context,0
2003,event,0
2003,genre,0
2003,moment,1
2003,mood,0
2003,period,0
2003,person,0
2003,top,0
2018 Blind test,artist,0
2018 Blind test,context,1
2018 Blind test,event,0
2018 Blind test,genre,0
2018 Blind test,mood,0
2018 Blind test,period,0
2018 Blind test,person,0
2018 Blind test,top,0
2018 News,artist,0
2018 News,context,0
2018 News,event,0
2018 News,genre,0
2018 News,mood,0
2018 News,person,0
2018 News,top,0
2018 sa mère,artist,0
2018 sa mère,context,0
2018 sa mère,event,0
2018 sa mère,genre,0
2018 sa mère,moment,1
2018 sa mère,mood,0
2018 sa mère,period,0
2018 sa mère,person,0
2019 - Feel Good reggae 3,artist,0
2019 - Feel Good reggae 3,context,0
2019 - Feel Good reggae 3,event,0
2019 - Feel Good reggae 3,genre,1
2019 - Feel Good reggae 3,moment,1
2019 - Feel Good reggae 3,mood,1
2019 - Feel Good reggae 3,period,0
2019 - Feel Good reggae 3,person,0
2019 - Feel Good reggae 3,top,0
2021 - Lounge,artist,0
2021 - Lounge,context,0
2021 - Lounge,event,0
2021 - Lounge,genre,1
2021 - Lounge,moment,1
2021 - Lounge,mood,1
2021 - Lounge,period,0
2021 - Lounge,person,0
2021 - Lounge,top,0
2022 A,artist,0
2022 A,context,0
2022 A,event,0
2022 A,genre,0
2022 A,moment,1
2022 A,mood,0
2022 A,period,0
2022 A,person,0
2022 A,top,0
2022 Loved List,artist,0
2022 Loved List,context,0
2022 Loved List,event,0
2022 Loved List,genre,0
2022 Loved List,moment,1
2022 Loved List,mood,0
2022 Loved List,period,0
2022 Loved List,person,0
2022 Loved List,top,1
2023 et des gros banjés,artist,0
2023 et des gros banjés,context,0
2023 et des gros banjés,event,0
2023 et des gros banjés,genre,0
2023 et des gros banjés,moment,1
2023 et des gros banjés,mood,0
2023 et des gros banjés,period,0
2023 et des gros banjés,person,0
20mn,artist,0
20mn,context,0
20mn,event,0
20mn,genre,0
20mn,moment,0
20mn,mood,0
20mn,period,0
20mn,person,0
20mn,top,0
21 SAVAGE,artist,1
21 SAVAGE,context,0
21 SAVAGE,event,0
21 SAVAGE,genre,0
21 SAVAGE,moment,0
21 SAVAGE,mood,0
21 SAVAGE,period,0
21 SAVAGE,person,0
21 SAVAGE,top,0
23_05 et 06 mai juin,artist,0
23_05 et 06 mai juin,context,0
23_05 et 06 mai juin,event,1
23_05 et 06 mai juin,genre,0
23_05 et 06 mai juin,moment,0
23_05 et 06 mai juin,mood,0
23_05 et 06 mai juin,period,0
23_05 et 06 mai juin,person,0
23_05 et 06 mai juin,top,0
26,artist,0
26,context,0
26,event,0
26,genre,0
26,moment,0
26,mood,0
26,period,0
26,person,0
26,top,0
28.07.2007,artist,0
28.07.2007,context,0
28.07.2007,event,1
28.07.2007,genre,0
28.07.2007,moment,0
28.07.2007,mood,0
28.07.2007,period,0
28.07.2007,person,0
28.07.2007,top,0
2O22,artist,0
2O22,context,0
2O22,event,0
2O22,genre,0
2O22,moment,1
2O22,mood,0
2O22,period,0
2O22,person,0
2O22,top,0
2o1o March,artist,0
2o1o March,context,0
2o1o March,event,0
2o1o March,genre,0
2o1o March,moment,1
2o1o March,mood,0
2o1o March,period,0
2o1o March,person,0
2o1o March,top,0
30,artist,0
30,context,0
30,genre,0
30,moment,0
30,mood,0
30,period,0
30,person,0
30,top,0
312020,artist,0
312020,context,0
312020,genre,0
312020,mood,0
312020,period,0
312020,person,0
312020,top,0
31 Pequenito project,artist,0
31 Pequenito project,genre,0
31 Pequenito project,moment,0
31 Pequenito project,mood,0
31 Pequenito project,period,0
31 Pequenito project,person,0
31 Pequenito project,top,0
31. Jazz - rock,artist,0
31. Jazz - rock,context,0
31. Jazz - rock,event,0
31. Jazz - rock,genre,1
31. Jazz - rock,moment,0
31. Jazz - rock,mood,0
31. Jazz - rock,period,0
31. Jazz - rock,person,0
31. Jazz - rock,top,0
4 Keus (gang),artist,1
4 Keus (gang),context,0
4 Keus (gang),event,0
4 Keus (gang),genre,0
4 Keus (gang),moment,0
4 Keus (gang),mood,0
4 Keus (gang),period,0
4 Keus (gang),person,0
4 Keus (gang),top,0
4 My Kidz,artist,0
4 My Kidz,context,0
4 My Kidz,event,0
4 My Kidz,genre,0
4 My Kidz,moment,0
4 My Kidz,mood,0
4 My Kidz,period,0
4 My Kidz,person,1
4 My Kidz,top,0
4/1/29 Alison#1 mariage,artist,0
4/1/29 Alison#1 mariage,context,0
4/1/29 Alison#1 mariage,event,1
4/1/29 Alison#1 mariage,genre,0
4/1/29 Alison#1 mariage,moment,0
4/1/29 Alison#1 mariage,mood,0
4/1/29 Alison#1 mariage,period,0
4/1/29 Alison#1 mariage,person,1
4/1/29 Alison#1 mariage,top,0
5 🎹,artist,0
5 🎹,context,0
5 🎹,event,0
5 🎹,moment,0
5 🎹,mood,0
5 🎹,period,0
5 🎹,person,0
5 🎹,top,0
50 ans Delphine,artist,0
50 ans Delphine,context,0
50 ans Delphine,event,1
50 ans Delphine,genre,0
50 ans Delphine,moment,0
50 ans Delphine,mood,0
50 ans Delphine,period,0
50 ans Delphine,person,1
50 ans Delphine,top,0
6h Summer,artist,0
6h Summer,event,0
6h Summer,genre,0
6h Summer,period,0
6h Summer,person,0
6h Summer,top,0
7/3/16,artist,0
7/3/16,context,0
7/3/16,event,1
7/3/16,genre,0
7/3/16,moment,0
7/3/16,mood,0
7/3/16,period,0
7/3/16,person,0
7/3/16,top,0
70 ans Papa,artist,0
70 ans Papa,context,0
70 ans Papa,event,1
70 ans Papa,genre,0
70 ans Papa,moment,0
70 ans Papa,mood,0
70 ans Papa,period,0
70 ans Papa,person,1
70 ans Papa,top,0
70/80🕺,artist,0
70/80🕺,context,0
70/80🕺,event,0
70/80🕺,genre,0
70/80🕺,moment,0
70/80🕺,mood,0
70/80🕺,period,1
70/80🕺,person,0
70/80🕺,top,0
8 ans,artist,0
8 ans,context,0
8 ans,event,1
8 ans,genre,0
8 ans,moment,0
8 ans,mood,0
8 ans,period,0
8 ans,person,0
8 ans,top,0
80's iconic,artist,0
80's iconic,context,0
80's iconic,event,0
80's iconic,genre,0
80's iconic,moment,0
80's iconic,mood,0
80's iconic,period,1
80's iconic,person,0
80's iconic,top,0
90' - 2000,artist,0
90' - 2000,context,0
90' - 2000,event,0
90' - 2000,genre,0
90' - 2000,moment,0
90' - 2000,mood,0
90' - 2000,period,1
90' - 2000,person,0
90' - 2000,top,0
:(,artist,0
:(,context,0
:(,event,0
:(,genre,0
:(,moment,0
:(,mood,1
:(,period,0
:(,person,0
:(,top,0
A Classique,artist,0
A Classique,context,0
A Classique,event,0
A Classique,genre,1
A Classique,moment,0
A Classique,mood,0
A Classique,period,0
A Classique,person,0
A Classique,top,0
A Français en vrac trié,artist,0
A Français en vrac trié,context,0
A Français en vrac trié,event,0
A Français en vrac trié,genre,1
A Français en vrac trié,moment,0
A Français en vrac trié,mood,0
A Français en vrac trié,period,0
A Français en vrac trié,person,0
A Français en vrac trié,top,0
A House,artist,0
A House,context,0
A House,event,0
A House,genre,1
A House,moment,0
A House,mood,0
A House,period,0
A House,person,0
A House,top,0
A Massage Classique octobre,artist,0
A Massage Classique octobre,event,0
A Massage Classique octobre,genre,1
A Massage Classique octobre,mood,0
A Massage Classique octobre,period,0
A Massage Classique octobre,person,0
A Massage Classique octobre,top,0
A modifier soirée,artist,0
A modifier soirée,context,1
A modifier soirée,event,0
A modifier soirée,genre,0
A modifier soirée,moment,0
A modifier soirée,mood,0
A modifier soirée,period,0
A modifier soirée,person,0
A modifier soirée,top,0
A écouter par moi,artist,0
A écouter par moi,context,0
A écouter par moi,event,0
A écouter par moi,genre,0
A écouter par moi,moment,0
A écouter par moi,mood,0
A écouter par moi,period,0
A écouter pour se relaxer,artist,0
A écouter pour se relaxer,event,0
A écouter pour se relaxer,genre,0
A écouter pour se relaxer,moment,0
A écouter pour se relaxer,mood,1
A écouter pour se relaxer,period,0
A écouter pour se relaxer,person,0
A écouter pour se relaxer,top,0
A-Plk Only 🎧🍯,artist,1
A-Plk Only 🎧🍯,context,0
A-Plk Only 🎧🍯,event,0
A-Plk Only 🎧🍯,genre,0
A-Plk Only 🎧🍯,moment,0
A-Plk Only 🎧🍯,mood,0
A-Plk Only 🎧🍯,period,0
A-Plk Only 🎧🍯,person,0
A1. Rap Chill (déc 2017),artist,0
A1. Rap Chill (déc 2017),context,0
A1. Rap Chill (déc 2017),event,0
A1. Rap Chill (déc 2017),genre,1
A1. Rap Chill (déc 2017),period,0
A1. Rap Chill (déc 2017),person,0
A1. Rap Chill (déc 2017),top,0
ANNÉE 70,artist,0
ANNÉE 70,context,0
ANNÉE 70,event,0
ANNÉE 70,genre,0
ANNÉE 70,moment,0
ANNÉE 70,mood,0
ANNÉE 70,period,1
ANNÉE 70,person,0
ANNÉE 70,top,0
Aaliyah,artist,1
Aaliyah,context,0
Aaliyah,event,0
Aaliyah,genre,0
Aaliyah,moment,0
Aaliyah,mood,0
Aaliyah,period,0
Aaliyah,person,0
Aaliyah,top,0
Acoustic playlist 🎧,artist,0
Acoustic playlist 🎧,context,0
Acoustic playlist 🎧,event,0
Acoustic playlist 🎧,genre,1
Acoustic playlist 🎧,moment,0
Acoustic playlist 🎧,mood,0
Acoustic playlist 🎧,period,0
Acoustic playlist 🎧,person,0
Acoustic playlist 🎧,top,0
Adam & Eve,context,0
Adam & Eve,event,0
Adam & Eve,genre,0
Adam & Eve,moment,0
Adam & Eve,mood,0
Adam & Eve,period,0
Adam & Eve,person,0
Adam & Eve,top,0
Afon,artist,0
Afon,context,0
Afon,event,0
Afon,genre,0
Afon,moment,0
Afon,period,0
Afon,person,0
Afon,top,0
Africa,context,0
Africa,event,0
Africa,moment,0
Africa,mood,0
Africa,period,0
Africa,person,0
Africa,top,0
Afro - Deep Forest,context,0
Afro - Deep Forest,event,0
Afro - Deep Forest,genre,1
Afro - Deep Forest,moment,0
Afro - Deep Forest,mood,0
Afro - Deep Forest,period,0
Afro - Deep Forest,person,0
Afro - Deep Forest,top,0
After...,artist,0
After...,context,1
After...,event,0
After...,genre,0
After...,moment,0
After...,mood,0
After...,period,0
After...,person,0
After...,top,0
Aicidici,artist,1
Aicidici,context,0
Aicidici,event,0
Aicidici,genre,0
Aicidici,moment,0
Aicidici,mood,0
Aicidici,period,0
Aicidici,person,0
Aicidici,top,0
Airy,artist,0
Airy,context,0
Airy,event,0
Airy,genre,0
Airy,moment,0
Airy,period,0
Airy,person,0
Airy,top,0
Albini’s discography,artist,1
Albini’s discography,context,0
Albini’s discography,event,0
Albini’s discography,genre,0
Albini’s discography,moment,0
Albini’s discography,mood,0
Albini’s discography,period,0
Albini’s discography,person,0
Albini’s discography,top,0
Alela Diane,artist,1
Alela Diane,context,0
Alela Diane,event,0
Alela Diane,genre,0
Alela Diane,moment,0
Alela Diane,mood,0
Alela Diane,period,0
Alela Diane,top,0
Alexandra stan,artist,1
Alexandra stan,context,0
Alexandra stan,event,0
Alexandra stan,genre,0
Alexandra stan,moment,0
Alexandra stan,mood,0
Alexandra stan,period,0
Alexandra stan,person,0
Alexandra stan,top,0
Alexis,artist,0
Alexis,context,0
Alexis,event,0
Alexis,genre,0
Alexis,moment,0
Alexis,mood,0
Alexis,period,0
Alexis,person,1
Alexis,top,0
Alice Merton,artist,1
Alice Merton,context,0
Alice Merton,event,0
Alice Merton,genre,0
Alice Merton,moment,0
Alice Merton,mood,0
Alice Merton,period,0
Alice Merton,person,0
Alice Merton,top,0
All About Bob Seger,artist,1
All About Bob Seger,context,0
All About Bob Seger,event,0
All About Bob Seger,genre,0
All About Bob Seger,moment,0
All About Bob Seger,mood,0
All About Bob Seger,period,0
All About Bob Seger,person,0
All About Bob Seger,top,0
All at once,context,0
All at once,event,0
All at once,genre,0
All at once,moment,0
All at once,mood,0
All at once,period,0
All at once,person,0
All at once,top,0
All the songs :),artist,0
All the songs :),context,0
All the songs :),event,0
All the songs :),genre,0
All the songs :),moment,0
All the songs :),mood,0
All the songs :),period,0
All the songs :),person,0
All the songs :),top,0
Allemagne,artist,0
Allemagne,context,0
Allemagne,moment,0
Allemagne,mood,0
Allemagne,period,0
Allemagne,person,0
Allemagne,top,0
Amy,context,0
Amy,event,0
Amy,genre,0
Amy,moment,0
Amy,mood,0
Amy,period,0
Amy,top,0
Angerfist,artist,1
Angerfist,context,0
Angerfist,event,0
Angerfist,genre,0
Angerfist,moment,0
Angerfist,mood,0
Angerfist,period,0
Angerfist,person,0
Angerfist,top,0
Anniv Oldies,artist,0
Anniv Oldies,context,0
Anniv Oldies,event,1
Anniv Oldies,genre,0
Anniv Oldies,moment,0
Anniv Oldies,mood,0
Anniv Oldies,top,0
Anniv' mariage pomme le boss,artist,0
Anniv' mariage pomme le boss,context,0
Anniv' mariage pomme le boss,event,1
Anniv' mariage pomme le boss,genre,0
Anniv' mariage pomme le boss,moment,0
Anniv' mariage pomme le boss,mood,0
Anniv' mariage pomme le boss,period,0
Anniv' mariage pomme le boss,top,0
Anniversaire Maïssa,artist,0
Anniversaire Maïssa,context,0
Anniversaire Maïssa,event,1
Anniversaire Maïssa,genre,0
Anniversaire Maïssa,moment,0
Anniversaire Maïssa,mood,0
Anniversaire Maïssa,period,0
Anniversaire Maïssa,person,1
Anniversaire Maïssa,top,0
Anniversaire papa rock,artist,0
Anniversaire papa rock,context,0
Anniversaire papa rock,genre,1
Anniversaire papa rock,moment,0
Anniversaire papa rock,mood,0
Anniversaire papa rock,period,0
Anniversaire papa rock,top,0
Années 90 2000,artist,0
Années 90 2000,context,0
Années 90 2000,event,0
Années 90 2000,genre,0
Années 90 2000,moment,0
Années 90 2000,mood,0
Années 90 2000,period,1
Années 90 2000,person,0
Années 90 2000,top,0
Anti Déprime 💊,artist,0
Anti Déprime 💊,context,0
Anti Déprime 💊,event,0
Anti Déprime 💊,genre,0
Anti Déprime 💊,moment,0
Anti Déprime 💊,mood,1
Anti Déprime 💊,period,0
Anti Déprime 💊,person,0
Anti Déprime 💊,top,0
Antonin et Jules,artist,0
Antonin et Jules,context,0
Antonin et Jules,genre,0
Antonin et Jules,moment,0
Antonin et Jules,mood,0
Antonin et Jules,period,0
Antonin et Jules,person,1
Antonin et Jules,top,0
Applications désobligées,artist,0
Applications désobligées,context,0
Applications désobligées,event,0
Applications désobligées,genre,0
Applications désobligées,moment,0
Applications désobligées,mood,0
Applications désobligées,period,0
Applications désobligées,person,0
Applications désobligées,top,0
Arabisant,artist,0
Arabisant,context,0
Arabisant,event,0
Arabisant,genre,1
Arabisant,moment,0
Arabisant,mood,0
Arabisant,period,0
Arabisant,person,0
Arabisant,top,0
At Night,artist,0
At Night,context,1
At Night,event,0
At Night,genre,0
At Night,moment,0
At Night,mood,0
At Night,period,0
At Night,person,0
At Night,top,0
Aurore 🌸,artist,0
Aurore 🌸,context,0
Aurore 🌸,event,0
Aurore 🌸,genre,0
Aurore 🌸,moment,0
Aurore 🌸,mood,0
Aurore 🌸,period,0
Aurore 🌸,person,1
Aurore 🌸,top,0
Automne 2015,artist,0
Automne 2015,context,0
Automne 2015,event,0
Automne 2015,genre,0
Automne 2015,moment,1
Automne 2015,mood,0
Automne 2015,period,0
Automne 2015,person,0
Automne 2015,top,0
Aventura,artist,1
Aventura,context,0
Aventura,event,0
Aventura,genre,0
Aventura,moment,0
Aventura,mood,0
Aventura,period,0
Aventura,person,0
Aventura,top,0
Avril 2016 B,artist,0
Avril 2016 B,context,0
Avril 2016 B,event,0
Avril 2016 B,genre,0
Avril 2016 B,moment,1
Avril 2016 B,mood,0
Avril 2016 B,period,0
Avril 2016 B,person,0
Avril 2016 B,top,0
Avril-mai 2018,artist,0
Avril-mai 2018,context,0
Avril-mai 2018,event,0
Avril-mai 2018,genre,0
Avril-mai 2018,moment,1
Avril-mai 2018,mood,0
Avril-mai 2018,period,0
Avril-mai 2018,person,0
Avril-mai 2018,top,0
Awesome mix vol.3,artist,0
Awesome mix vol.3,context,0
Awesome mix vol.3,event,0
Awesome mix vol.3,genre,0
Awesome mix vol.3,moment,0
Awesome mix vol.3,mood,0
Awesome mix vol.3,period,0
Awesome mix vol.3,person,0
Aya,artist,1
Aya,context,0
Aya,event,0
Aya,genre,0
Aya,moment,0
Aya,mood,0
Aya,period,0
Aya,person,0
Aya,top,0
BB BRUNES,artist,1
BB BRUNES,context,0
BB BRUNES,event,0
BB BRUNES,genre,0
BB BRUNES,moment,0
BB BRUNES,mood,0
BB BRUNES,period,0
BB BRUNES,person,0
BB BRUNES,top,0
BIG Naughty,artist,1
BIG Naughty,context,0
BIG Naughty,event,0
BIG Naughty,genre,0
BIG Naughty,moment,0
BIG Naughty,mood,0
BIG Naughty,period,0
BIG Naughty,person,0
BIG Naughty,top,0
BLINDTEST - A l'ancienne,artist,0
BLINDTEST - A l'ancienne,context,1
BLINDTEST - A l'ancienne,event,0
BLINDTEST - A l'ancienne,genre,0
BLINDTEST - A l'ancienne,moment,0
BLINDTEST - A l'ancienne,mood,0
BLINDTEST - A l'ancienne,person,0
BLINDTEST - A l'ancienne,top,0
BO Mylène Farmer,artist,1
BO Mylène Farmer,context,0
BO Mylène Farmer,event,0
BO Mylène Farmer,moment,0
BO Mylène Farmer,mood,0
BO Mylène Farmer,period,0
BO Mylène Farmer,person,0
BO Mylène Farmer,top,0
BOMBA 01,artist,0
BOMBA 01,context,0
BOMBA 01,event,0
BOMBA 01,genre,0
BOMBA 01,moment,0
BOMBA 01,mood,0
BOMBA 01,period,0
BOMBA 01,person,0
BOMBA 01,top,0
BOOM - Skrillex,artist,1
BOOM - Skrillex,context,0
BOOM - Skrillex,event,0
BOOM - Skrillex,genre,0
BOOM - Skrillex,moment,0
BOOM - Skrillex,mood,0
BOOM - Skrillex,period,0
BOOM - Skrillex,person,0
BOOM - Skrillex,top,0
BOUM,artist,0
BOUM,event,0
BOUM,genre,0
BOUM,moment,0
BOUM,period,0
BOUM,person,0
BOUM,top,0
BTB,context,0
BTB,event,0
BTB,genre,0
BTB,moment,0
BTB,mood,0
BTB,period,0
BTB,person,0
BTB,top,0
Babtou,artist,0
Babtou,context,0
Babtou,event,0
Babtou,genre,1
Babtou,moment,0
Babtou,mood,0
Babtou,period,0
Babtou,person,0
Babtou,top,0
Back to 90s,artist,0
Back to 90s,context,0
Back to 90s,event,0
Back to 90s,genre,0
Back to 90s,moment,0
Back to 90s,mood,0
Back to 90s,person,0
Back to 90s,top,0
Badass Bass,artist,0
Badass Bass,context,0
Badass Bass,event,0
Badass Bass,moment,0
Badass Bass,period,0
Badass Bass,person,0
Badass Bass,top,0
Banners,context,0
Banners,event,0
Banners,genre,0
Banners,moment,0
Banners,mood,0
Banners,period,0
Banners,person,0
Banners,top,0
Baw,context,0
Baw,event,0
Baw,genre,0
Baw,moment,0
Baw,mood,0
Baw,period,0
Baw,person,0
Baw,top,0
Bayonne 2014,artist,0
Bayonne 2014,context,0
Bayonne 2014,genre,0
Bayonne 2014,mood,0
Bayonne 2014,period,0
Bayonne 2014,person,0
Bayonne 2014,top,0
Be-bop 2,artist,0
Be-bop 2,context,0
Be-bop 2,event,0
Be-bop 2,genre,1
Be-bop 2,moment,0
Be-bop 2,mood,0
Be-bop 2,period,0
Be-bop 2,person,0
Be-bop 2,top,0
Bemer on the road VI,event,0
Bemer on the road VI,genre,0
Bemer on the road VI,moment,0
Bemer on the road VI,mood,0
Bemer on the road VI,period,0
Bemer on the road VI,top,0
Bertrand Belin,artist,1
Bertrand Belin,context,0
Bertrand Belin,event,0
Bertrand Belin,genre,0
Bertrand Belin,moment,0
Bertrand Belin,mood,0
Bertrand Belin,period,0
Bertrand Belin,person,0
Bertrand Belin,top,0
Best,artist,0
Best,context,0
Best,event,0
Best,genre,0
Best,moment,0
Best,mood,0
Best,period,0
Best,person,0
Best,top,1
Best Of Haendel,artist,1
Best Of Haendel,context,0
Best Of Haendel,event,0
Best Of Haendel,genre,0
Best Of Haendel,moment,0
Best Of Haendel,mood,0
Best Of Haendel,period,0
Best Of Haendel,person,0
Best Outlander,context,0
Best Outlander,event,0
Best Outlander,moment,0
Best Outlander,mood,0
Best Outlander,period,0
Best Outlander,person,0
Best rock,artist,0
Best rock,context,0
Best rock,event,0
Best rock,genre,1
Best rock,moment,0
Best rock,mood,0
Best rock,period,0
Best rock,person,0
Best rock,top,1
Biking I 45mns,artist,0
Biking I 45mns,context,1
Biking I 45mns,event,0
Biking I 45mns,genre,0
Biking I 45mns,moment,0
Biking I 45mns,mood,0
Biking I 45mns,period,0
Biking I 45mns,person,0
Biking I 45mns,top,0
Billie Eilish: Complete Collection,artist,1
Billie Eilish: Complete Collection,context,0
Billie Eilish: Complete Collection,event,0
Billie Eilish: Complete Collection,genre,0
Billie Eilish: Complete Collection,moment,0
Billie Eilish: Complete Collection,mood,0
Billie Eilish: Complete Collection,period,0
Billie Eilish: Complete Collection,person,0
Billie Eilish: Complete Collection,top,0
Blabla,artist,0
Blabla,context,0
Blabla,event,0
Blabla,genre,0
Blabla,moment,0
Blabla,mood,0
Blabla,period,0
Blabla,person,0
Blabla,top,0
Black Atlass,artist,1
Black Atlass,context,0
Black Atlass,event,0
Black Atlass,genre,0
Black Atlass,moment,0
Black Atlass,mood,0
Black Atlass,period,0
Black Atlass,person,0
Black Atlass,top,0
Blind 2,artist,0
Blind 2,event,0
Blind 2,genre,0
Blind 2,moment,0
Blind 2,mood,0
Blind 2,period,0
Blind 2,person,0
Blind 2,top,0
Blind Test - Soirée Bad,artist,0
Blind Test - Soirée Bad,genre,0
Blind Test - Soirée Bad,moment,0
Blind Test - Soirée Bad,mood,0
Blind Test - Soirée Bad,period,0
Blind Test - Soirée Bad,person,0
Blind Test - Soirée Bad,top,0
Block party,moment,0
Block party,mood,0
Block party,period,0
Block party,person,0
Block party,top,0
BluEs-RoCkinG,artist,0
BluEs-RoCkinG,context,0
BluEs-RoCkinG,event,0
BluEs-RoCkinG,genre,1
BluEs-RoCkinG,moment,0
BluEs-RoCkinG,mood,0
BluEs-RoCkinG,period,0
BluEs-RoCkinG,person,0
BluEs-RoCkinG,top,0
Bohème,artist,0
Bohème,context,0
Bohème,event,0
Bohème,genre,0
Bohème,moment,0
Bohème,period,0
Bohème,person,0
Bohème,top,0
Bonne nuit,artist,0
Bonne nuit,context,1
Bonne nuit,event,0
Bonne nuit,genre,0
Bonne nuit,moment,0
Bonne nuit,period,0
Bonne nuit,person,0
Bonne nuit,top,0
Booba morceaux les plus populaires 25/05/2017,artist,1
Booba morceaux les plus populaires 25/05/2017,context,0
Booba morceaux les plus populaires 25/05/2017,genre,0
Booba morceaux les plus populaires 25/05/2017,moment,0
Booba morceaux les plus populaires 25/05/2017,mood,0
Booba morceaux les plus populaires 25/05/2017,period,0
Booba morceaux les plus populaires 25/05/2017,person,0
Boulot AS - Danses,artist,0
Boulot AS - Danses,context,1
Boulot AS - Danses,event,0
Boulot AS - Danses,genre,0
Boulot AS - Danses,moment,0
Boulot AS - Danses,mood,0
Boulot AS - Danses,period,0
Boulot AS - Danses,person,0
Boulot AS - Danses,top,0
Boum Boum boum,artist,0
Boum Boum boum,event,0
Boum Boum boum,moment,0
Boum Boum boum,period,0
Boum Boum boum,person,0
Boum Boum boum,top,0
"Break it, Drop it!!",artist,0
"Break it, Drop it!!",context,0
"Break it, Drop it!!",event,0
"Break it, Drop it!!",moment,0
"Break it, Drop it!!",period,0
"Break it, Drop it!!",person,0
"Break it, Drop it!!",top,0
Brice,artist,0
Brice,context,0
Brice,event,0
Brice,genre,0
Brice,moment,0
Brice,mood,0
Brice,period,0
Brice,person,1
Brice,top,0
Brossier,context,0
Brossier,event,0
Brossier,genre,0
Brossier,moment,0
Brossier,mood,0
Brossier,period,0
Brossier,person,0
Brossier,top,0
Bruit blanc,artist,0
Bruit blanc,context,0
Bruit blanc,event,0
Bruit blanc,genre,1
Bruit blanc,moment,0
Bruit blanc,mood,0
Bruit blanc,period,0
Bruit blanc,person,0
Bruit blanc,top,0
Bubble Pop Electric,artist,0
Bubble Pop Electric,context,0
Bubble Pop Electric,event,0
Bubble Pop Electric,genre,1
Bubble Pop Electric,moment,0
Bubble Pop Electric,mood,0
Bubble Pop Electric,period,0
Bubble Pop Electric,person,0
Bubble Pop Electric,top,0
C -AMBIANCE TECHNO ALLEMANDE,artist,0
C -AMBIANCE TECHNO ALLEMANDE,context,0
C -AMBIANCE TECHNO ALLEMANDE,event,0
C -AMBIANCE TECHNO ALLEMANDE,genre,1
C -AMBIANCE TECHNO ALLEMANDE,moment,0
C -AMBIANCE TECHNO ALLEMANDE,mood,0
C -AMBIANCE TECHNO ALLEMANDE,period,0
C -AMBIANCE TECHNO ALLEMANDE,person,0
C -AMBIANCE TECHNO ALLEMANDE,top,0
COLORS,artist,0
COLORS,context,0
COLORS,event,0
COLORS,moment,0
COLORS,mood,0
COLORS,period,0
COLORS,person,0
COLORS,top,0
CRéOLE,artist,0
CRéOLE,context,0
CRéOLE,event,0
CRéOLE,genre,1
CRéOLE,moment,0
CRéOLE,mood,0
CRéOLE,period,0
CRéOLE,person,0
CRéOLE,top,0
CSE Blind Test,artist,0
CSE Blind Test,genre,0
CSE Blind Test,moment,0
CSE Blind Test,mood,0
CSE Blind Test,period,0
CSE Blind Test,person,0
CSE Blind Test,top,0
CTE 2,artist,0
CTE 2,context,0
CTE 2,event,0
CTE 2,genre,0
CTE 2,moment,0
CTE 2,mood,0
CTE 2,period,0
CTE 2,person,0
CTE 2,top,0
Calme posé,artist,0
Calme posé,event,0
Calme posé,genre,0
Calme posé,moment,0
Calme posé,mood,1
Calme posé,period,0
Calme posé,person,0
Calme posé,top,0
Calme/Relaxation/Bebe,artist,0
Calme/Relaxation/Bebe,event,0
Calme/Relaxation/Bebe,genre,0
Calme/Relaxation/Bebe,moment,0
Calme/Relaxation/Bebe,mood,1
Calme/Relaxation/Bebe,period,0
Calme/Relaxation/Bebe,top,0
Calming Music for Anxiety / Stress / HSP (Instrume,artist,0
Calming Music for Anxiety / Stress / HSP (Instrume,context,0
Calming Music for Anxiety / Stress / HSP (Instrume,event,0
Calming Music for Anxiety / Stress / HSP (Instrume,moment,0
Calming Music for Anxiety / Stress / HSP (Instrume,mood,1
Calming Music for Anxiety / Stress / HSP (Instrume,period,0
Calming Music for Anxiety / Stress / HSP (Instrume,person,0
Calming Music for Anxiety / Stress / HSP (Instrume,top,0
Cantates Bach,artist,1
Cantates Bach,context,0
Cantates Bach,event,0
Cantates Bach,genre,0
Cantates Bach,moment,0
Cantates Bach,mood,0
Cantates Bach,period,0
Cantates Bach,person,0
Cantates Bach,top,0
Carannie,artist,0
Carannie,context,0
Carannie,event,0
Carannie,genre,0
Carannie,moment,0
Carannie,mood,0
Carannie,period,0
Carannie,top,0
Carlos Santana,artist,1
Carlos Santana,context,0
Carlos Santana,event,0
Carlos Santana,genre,0
Carlos Santana,moment,0
Carlos Santana,mood,0
Carlos Santana,period,0
Carlos Santana,person,0
Carlos Santana,top,0
Carson Elliott,artist,1
Carson Elliott,context,0
Carson Elliott,event,0
Carson Elliott,genre,0
Carson Elliott,moment,0
Carson Elliott,mood,0
Carson Elliott,period,0
Carson Elliott,person,0
Carson Elliott,top,0
Celtic trad.,artist,0
Celtic trad.,context,0
Celtic trad.,event,0
Celtic trad.,genre,1
Celtic trad.,moment,0
Celtic trad.,mood,0
Celtic trad.,period,0
Celtic trad.,person,0
Celtic trad.,top,0
Ceux qui brûlent,artist,0
Ceux qui brûlent,context,0
Ceux qui brûlent,event,0
Ceux qui brûlent,genre,0
Ceux qui brûlent,moment,0
Ceux qui brûlent,mood,0
Ceux qui brûlent,period,0
Ceux qui brûlent,person,0
Ceux qui brûlent,top,0
Chabrier  - Habanera,artist,1
Chabrier  - Habanera,context,0
Chabrier  - Habanera,event,0
Chabrier  - Habanera,genre,0
Chabrier  - Habanera,moment,0
Chabrier  - Habanera,mood,0
Chabrier  - Habanera,period,0
Chabrier  - Habanera,person,0
Chabrier  - Habanera,top,0
Chansons cérémonie,artist,0
Chansons cérémonie,moment,0
Chansons cérémonie,mood,0
Chansons cérémonie,period,0
Chansons cérémonie,person,0
Chansons cérémonie,top,0
Chansons d'amour,artist,0
Chansons d'amour,context,0
Chansons d'amour,event,0
Chansons d'amour,moment,0
Chansons d'amour,period,0
Chansons d'amour,person,0
Chansons d'amour,top,0
CharlElie Couture,event,0
CharlElie Couture,genre,0
CharlElie Couture,moment,0
CharlElie Couture,mood,0
CharlElie Couture,period,0
CharlElie Couture,top,0
Chelsea Wolfe ep,context,0
Chelsea Wolfe ep,event,0
Chelsea Wolfe ep,genre,0
Chelsea Wolfe ep,moment,0
Chelsea Wolfe ep,mood,0
Chelsea Wolfe ep,period,0
Chelsea Wolfe ep,person,0
Chelsea Wolfe ep,top,0
Chill at Crème brûlée,artist,0
Chill at Crème brûlée,context,0
Chill at Crème brûlée,event,0
Chill at Crème brûlée,genre,0
Chill at Crème brûlée,moment,0
Chill at Crème brûlée,mood,1
Chill at Crème brûlée,period,0
Chill at Crème brûlée,person,0
Chill at Crème brûlée,top,0
Château gonflable,artist,0
Château gonflable,context,1
Château gonflable,event,0
Château gonflable,genre,0
Château gonflable,moment,0
Château gonflable,mood,0
Château gonflable,period,0
Château gonflable,person,0
Château gonflable,top,0
Chœur NDG,artist,0
Chœur NDG,event,0
Chœur NDG,moment,0
Chœur NDG,mood,0
Chœur NDG,period,0
Chœur NDG,person,0
Chœur NDG,top,0
Classic 2,artist,0
Classic 2,context,0
Classic 2,event,0
Classic 2,genre,1
Classic 2,moment,0
Classic 2,mood,0
Classic 2,person,0
Classic 2,top,0
Classic Shit Vol.5,artist,0
Classic Shit Vol.5,context,0
Classic Shit Vol.5,event,0
Classic Shit Vol.5,moment,0
Classic Shit Vol.5,mood,0
Classic Shit Vol.5,person,0
Classic de films,artist,0
Classic de films,context,0
Classic de films,event,0
Classic de films,genre,1
Classic de films,moment,0
Classic de films,mood,0
Classic de films,period,0
Classic de films,person,0
Classical Music For Metalheads,artist,0
Classical Music For Metalheads,context,0
Classical Music For Metalheads,event,0
Classical Music For Metalheads,genre,1
Classical Music For Metalheads,moment,0
Classical Music For Metalheads,mood,0
Classical Music For Metalheads,period,0
Classical Music For Metalheads,person,0
Classical Music For Metalheads,top,0
"Classique, émouvant",artist,0
"Classique, émouvant",context,0
"Classique, émouvant",event,0
"Classique, émouvant",genre,1
"Classique, émouvant",moment,0
"Classique, émouvant",mood,1
"Classique, émouvant",period,0
"Classique, émouvant",person,0
"Classique, émouvant",top,0
Claude mix,artist,0
Claude mix,context,0
Claude mix,event,0
Claude mix,genre,0
Claude mix,moment,0
Claude mix,mood,0
Claude mix,period,0
Claude mix,person,1
Claude mix,top,0
Clementine Comptine,artist,0
Clementine Comptine,event,0
Clementine Comptine,genre,1
Clementine Comptine,moment,0
Clementine Comptine,mood,0
Clementine Comptine,period,0
Clementine Comptine,person,1
Clementine Comptine,top,0
Club med,artist,0
Club med,genre,0
Club med,moment,0
Club med,mood,0
Club med,period,0
Club med,person,0
Club med,top,0
Cmusique allemande de Schutz à Bach,context,0
Cmusique allemande de Schutz à Bach,event,0
Cmusique allemande de Schutz à Bach,genre,1
Cmusique allemande de Schutz à Bach,moment,0
Cmusique allemande de Schutz à Bach,mood,0
Cmusique allemande de Schutz à Bach,period,0
Cmusique allemande de Schutz à Bach,person,0
Cmusique allemande de Schutz à Bach,top,0
Compile 2012 - 2104,artist,0
Compile 2012 - 2104,context,0
Compile 2012 - 2104,event,0
Compile 2012 - 2104,genre,0
Compile 2012 - 2104,moment,1
Compile 2012 - 2104,mood,0
Compile 2012 - 2104,period,0
Compile 2012 - 2104,person,0
Concert TDH Glasgow,context,0
Concert TDH Glasgow,genre,0
Concert TDH Glasgow,moment,0
Concert TDH Glasgow,mood,0
Concert TDH Glasgow,period,0
Concert TDH Glasgow,person,0
Concert TDH Glasgow,top,0
Concorde,context,0
Concorde,event,0
Concorde,genre,0
Concorde,moment,0
Concorde,mood,0
Concorde,period,0
Concorde,person,0
Concorde,top,0
Confined & refined,artist,0
Confined & refined,context,0
Confined & refined,event,0
Confined & refined,genre,0
Confined & refined,period,0
Confined & refined,person,0
Cool 2015,artist,0
Cool 2015,context,0
Cool 2015,event,0
Cool 2015,genre,0
Cool 2015,moment,1
Cool 2015,period,0
Cool 2015,person,0
Cool 2015,top,0
Cool Mat 4,artist,0
Cool Mat 4,event,0
Cool Mat 4,genre,0
Cool Mat 4,moment,0
Cool Mat 4,period,0
Cool Mat 4,top,0
Coup de coeur Vol.2,artist,0
Coup de coeur Vol.2,context,0
Coup de coeur Vol.2,event,0
Coup de coeur Vol.2,genre,0
Coup de coeur Vol.2,moment,0
Coup de coeur Vol.2,mood,0
Coup de coeur Vol.2,period,0
Coup de coeur Vol.2,person,0
Coup de coeur Vol.2,top,1
Coup de cœur du week end,artist,0
Coup de cœur du week end,context,0
Coup de cœur du week end,event,0
Coup de cœur du week end,genre,0
Coup de cœur du week end,mood,0
Coup de cœur du week end,period,0
Coup de cœur du week end,person,0
Coup de cœur du week end,top,1
Coupette part.4,artist,0
Coupette part.4,context,0
Coupette part.4,event,0
Coupette part.4,genre,0
Coupette part.4,moment,0
Coupette part.4,mood,0
Coupette part.4,period,0
Coupette part.4,person,0
Coupette part.4,top,0
Couzinade🤪,artist,0
Couzinade🤪,context,0
Couzinade🤪,event,1
Couzinade🤪,genre,0
Couzinade🤪,moment,0
Couzinade🤪,mood,0
Couzinade🤪,period,0
Couzinade🤪,top,0
Croods Schreiber,context,0
Croods Schreiber,event,0
Croods Schreiber,genre,0
Croods Schreiber,moment,0
Croods Schreiber,mood,0
Croods Schreiber,period,0
Croods Schreiber,person,0
Croods Schreiber,top,0
Cross 2,artist,0
Cross 2,event,0
Cross 2,genre,0
Cross 2,moment,0
Cross 2,mood,0
Cross 2,period,0
Cross 2,person,0
Cross 2,top,0
Crématorium Papa Françoise,artist,0
Crématorium Papa Françoise,context,0
Crématorium Papa Françoise,event,1
Crématorium Papa Françoise,genre,0
Crématorium Papa Françoise,moment,0
Crématorium Papa Françoise,mood,0
Crématorium Papa Françoise,period,0
Crématorium Papa Françoise,top,0
Crêpes,artist,0
Crêpes,genre,0
Crêpes,moment,0
Crêpes,mood,0
Crêpes,period,0
Crêpes,person,0
Crêpes,top,0
Céleste,context,0
Céleste,event,0
Céleste,genre,0
Céleste,moment,0
Céleste,mood,0
Céleste,period,0
Céleste,top,0
Célya à la sieste 😴,artist,0
Célya à la sieste 😴,context,1
Célya à la sieste 😴,event,0
Célya à la sieste 😴,genre,0
Célya à la sieste 😴,moment,0
Célya à la sieste 😴,mood,0
Célya à la sieste 😴,period,0
Célya à la sieste 😴,person,1
Célya à la sieste 😴,top,0
D cheu nous,artist,0
D cheu nous,context,0
D cheu nous,event,0
D cheu nous,genre,1
D cheu nous,moment,0
D cheu nous,mood,0
D cheu nous,period,0
D cheu nous,person,0
D cheu nous,top,0
D pop,artist,0
D pop,context,0
D pop,event,0
D pop,genre,1
D pop,moment,0
D pop,mood,0
D pop,period,0
D pop,person,0
D pop,top,0
DEEZER 2010,artist,0
DEEZER 2010,context,0
DEEZER 2010,event,0
DEEZER 2010,genre,0
DEEZER 2010,mood,0
DEEZER 2010,period,0
DEEZER 2010,person,0
DEEZER 2010,top,0
DJAX RE UP,context,0
DJAX RE UP,event,0
DJAX RE UP,genre,0
DJAX RE UP,moment,0
DJAX RE UP,mood,0
DJAX RE UP,period,0
DJAX RE UP,person,0
DJAX RE UP,top,0
"DO YOU CARE ?! nah, i don't care!😝",artist,0
"DO YOU CARE ?! nah, i don't care!😝",context,0
"DO YOU CARE ?! nah, i don't care!😝",event,0
"DO YOU CARE ?! nah, i don't care!😝",genre,0
"DO YOU CARE ?! nah, i don't care!😝",moment,0
"DO YOU CARE ?! nah, i don't care!😝",mood,1
"DO YOU CARE ?! nah, i don't care!😝",period,0
"DO YOU CARE ?! nah, i don't care!😝",person,0
"DO YOU CARE ?! nah, i don't care!😝",top,0
Da Franco Cou'D'Coeur,context,0
Da Franco Cou'D'Coeur,event,0
Da Franco Cou'D'Coeur,genre,0
Da Franco Cou'D'Coeur,moment,0
Da Franco Cou'D'Coeur,mood,0
Da Franco Cou'D'Coeur,period,0
Dam 34,artist,0
Dam 34,context,0
Dam 34,genre,0
Dam 34,moment,0
Dam 34,mood,0
Dam 34,period,0
Dam 34,top,0
"Dam Dam, on danse",artist,0
"Dam Dam, on danse",event,0
"Dam Dam, on danse",genre,0
"Dam Dam, on danse",moment,0
"Dam Dam, on danse",mood,0
"Dam Dam, on danse",period,0
"Dam Dam, on danse",person,0
"Dam Dam, on danse",top,0
Dance off,artist,0
Dance off,context,1
Dance off,event,0
Dance off,genre,0
Dance off,moment,0
Dance off,mood,0
Dance off,period,0
Dance off,person,0
Dance off,top,0
Danse perso,artist,0
Danse perso,event,0
Danse perso,genre,0
Danse perso,moment,0
Danse perso,mood,0
Danse perso,period,0
Danse perso,person,0
Danse perso,top,0
Delph ❤❤️‍🔥,artist,0
Delph ❤❤️‍🔥,context,0
Delph ❤❤️‍🔥,event,0
Delph ❤❤️‍🔥,genre,0
Delph ❤❤️‍🔥,moment,0
Delph ❤❤️‍🔥,mood,0
Delph ❤❤️‍🔥,period,0
Delph ❤❤️‍🔥,person,1
Delph ❤❤️‍🔥,top,0
Demons & Wizards,artist,1
Demons & Wizards,context,0
Demons & Wizards,event,0
Demons & Wizards,genre,0
Demons & Wizards,moment,0
Demons & Wizards,mood,0
Demons & Wizards,period,0
Demons & Wizards,person,0
Demons & Wizards,top,0
Destroy,context,0
Destroy,event,0
Destroy,genre,0
Destroy,moment,0
Destroy,period,0
Destroy,person,0
Destroy,top,0
Detente bain,artist,0
Detente bain,context,1
Detente bain,event,0
Detente bain,genre,0
Detente bain,moment,0
Detente bain,mood,1
Detente bain,period,0
Detente bain,person,0
Detente bain,top,0
Dinner with friends,artist,0
Dinner with friends,context,1
Dinner with friends,event,0
Dinner with friends,genre,0
Dinner with friends,moment,0
Dinner with friends,mood,0
Dinner with friends,period,0
Dinner with friends,person,0
Dinner with friends,top,0
Dinos ✨,context,0
Dinos ✨,event,0
Dinos ✨,genre,0
Dinos ✨,moment,0
Dinos ✨,mood,0
Dinos ✨,period,0
Dinos ✨,person,0
Dinos ✨,top,0
Discover Weekly (MOOVAL),artist,0
Discover Weekly (MOOVAL),context,0
Discover Weekly (MOOVAL),event,0
Discover Weekly (MOOVAL),genre,0
Discover Weekly (MOOVAL),moment,0
Discover Weekly (MOOVAL),mood,0
Discover Weekly (MOOVAL),period,0
Discover Weekly (MOOVAL),person,0
Discover Weekly (MOOVAL),top,0
DisneySongs,artist,0
DisneySongs,context,0
DisneySongs,event,0
DisneySongs,genre,1
DisneySongs,moment,0
DisneySongs,mood,0
DisneySongs,period,0
DisneySongs,person,0
DisneySongs,top,0
Douceur Vocale,artist,0
Douceur Vocale,context,0
Douceur Vocale,event,0
Douceur Vocale,moment,0
Douceur Vocale,period,0
Douceur Vocale,person,0
Douceur Vocale,top,0
Download <3,artist,0
Download <3,context,0
Download <3,event,0
Download <3,genre,0
Download <3,moment,0
Download <3,mood,0
Download <3,period,0
Download <3,person,0
Download <3,top,0
Driiiiive Summer été 2015,artist,0
Driiiiive Summer été 2015,context,1
Driiiiive Summer été 2015,event,0
Driiiiive Summer été 2015,genre,0
Driiiiive Summer été 2015,moment,1
Driiiiive Summer été 2015,mood,0
Driiiiive Summer été 2015,period,0
Driiiiive Summer été 2015,person,0
Driiiiive Summer été 2015,top,0
Duo Trio,artist,0
Duo Trio,context,0
Duo Trio,event,0
Duo Trio,moment,0
Duo Trio,mood,0
Duo Trio,period,0
Duo Trio,person,0
Duo Trio,top,0
DÉTENTE TRAVAIL 2019,artist,0
DÉTENTE TRAVAIL 2019,context,1
DÉTENTE TRAVAIL 2019,event,0
DÉTENTE TRAVAIL 2019,genre,0
DÉTENTE TRAVAIL 2019,moment,1
DÉTENTE TRAVAIL 2019,mood,1
DÉTENTE TRAVAIL 2019,period,0
DÉTENTE TRAVAIL 2019,person,0
DÉTENTE TRAVAIL 2019,top,0
Début de soirée...,artist,0
Début de soirée...,context,1
Début de soirée...,event,0
Début de soirée...,genre,0
Début de soirée...,moment,0
Début de soirée...,mood,0
Début de soirée...,period,0
Début de soirée...,person,0
Début de soirée...,top,0
décembre 2018,artist,0
décembre 2018,context,0
décembre 2018,event,0
décembre 2018,genre,0
décembre 2018,moment,1
décembre 2018,mood,0
décembre 2018,period,0
décembre 2018,person,0
décembre 2018,top,0
ECOS,context,0
ECOS,event,0
ECOS,genre,0
ECOS,moment,0
ECOS,mood,0
ECOS,period,0
ECOS,person,0
ECOS,top,0
ENREGIS,artist,0
ENREGIS,context,0
ENREGIS,event,0
ENREGIS,genre,0
ENREGIS,moment,0
ENREGIS,mood,0
ENREGIS,period,0
ENREGIS,person,0
ENREGIS,top,0
Ecriture 3,artist,0
Ecriture 3,context,1
Ecriture 3,event,0
Ecriture 3,genre,0
Ecriture 3,moment,0
Ecriture 3,mood,0
Ecriture 3,period,0
Ecriture 3,person,0
Ecriture 3,top,0
Electro / Chill / Son,artist,0
Electro / Chill / Son,context,0
Electro / Chill / Son,event,0
Electro / Chill / Son,genre,1
Electro / Chill / Son,moment,0
Electro / Chill / Son,period,0
Electro / Chill / Son,person,0
Electro / Chill / Son,top,0
Electro Mix4,artist,0
Electro Mix4,context,0
Electro Mix4,event,0
Electro Mix4,genre,1
Electro Mix4,moment,0
Electro Mix4,mood,0
Electro Mix4,period,0
Electro Mix4,person,0
Electro Mix4,top,0
Electro hit,artist,0
Electro hit,context,0
Electro hit,event,0
Electro hit,genre,1
Electro hit,moment,0
Electro hit,mood,0
Electro hit,period,0
Electro hit,person,0
Electro hit,top,0
Electro swing,artist,0
Electro swing,context,0
Electro swing,event,0
Electro swing,genre,1
Electro swing,moment,0
Electro swing,mood,0
Electro swing,period,0
Electro swing,person,0
Electro swing,top,0
Electrofun,artist,0
Electrofun,context,0
Electrofun,event,0
Electrofun,genre,1
Electrofun,moment,0
Electrofun,period,0
Electrofun,person,0
Electrofun,top,0
Electrolove,artist,0
Electrolove,context,0
Electrolove,event,0
Electrolove,genre,1
Electrolove,moment,0
Electrolove,period,0
Electrolove,person,0
Electrolove,top,0
Elsa ♡,artist,0
Elsa ♡,context,0
Elsa ♡,event,0
Elsa ♡,genre,0
Elsa ♡,moment,0
Elsa ♡,mood,0
Elsa ♡,period,0
Elsa ♡,person,1
Elsa ♡,top,0
En boucle seul,artist,0
En boucle seul,event,0
En boucle seul,genre,0
En boucle seul,moment,0
En boucle seul,period,0
En boucle seul,person,0
En mode menace Santana,artist,1
En mode menace Santana,context,0
En mode menace Santana,event,0
En mode menace Santana,genre,0
En mode menace Santana,moment,0
En mode menace Santana,period,0
En mode menace Santana,person,0
En mode menace Santana,top,0
Enfant,artist,0
Enfant,context,0
Enfant,event,0
Enfant,moment,0
Enfant,mood,0
Enfant,period,0
Enfant,top,0
Epic rap battle of history,artist,0
Epic rap battle of history,context,0
Epic rap battle of history,event,0
Epic rap battle of history,genre,1
Epic rap battle of history,moment,0
Epic rap battle of history,mood,0
Epic rap battle of history,person,0
Epic rap battle of history,top,0
Erasure - Best Of,artist,1
Erasure - Best Of,context,0
Erasure - Best Of,event,0
Erasure - Best Of,genre,0
Erasure - Best Of,moment,0
Erasure - Best Of,mood,0
Erasure - Best Of,period,0
Erasure - Best Of,person,0
Espagnol 🇨🇱🇪🇦,artist,0
Espagnol 🇨🇱🇪🇦,context,0
Espagnol 🇨🇱🇪🇦,event,0
Espagnol 🇨🇱🇪🇦,genre,1
Espagnol 🇨🇱🇪🇦,moment,0
Espagnol 🇨🇱🇪🇦,mood,0
Espagnol 🇨🇱🇪🇦,period,0
Espagnol 🇨🇱🇪🇦,person,0
Espagnol 🇨🇱🇪🇦,top,0
Eurythmique,context,0
Eurythmique,event,0
Eurythmique,genre,0
Eurythmique,moment,0
Eurythmique,period,0
Eurythmique,person,0
Eurythmique,top,0
Even terrible teenage me,artist,0
Even terrible teenage me,context,0
Even terrible teenage me,event,0
Even terrible teenage me,genre,0
Even terrible teenage me,moment,1
Even terrible teenage me,period,0
Even terrible teenage me,top,0
Everything I listen to,artist,0
Everything I listen to,context,0
Everything I listen to,event,0
Everything I listen to,genre,0
Everything I listen to,moment,0
Everything I listen to,mood,0
Everything I listen to,period,0
Everything I listen to,person,0
Extraterrestrial,context,0
Extraterrestrial,event,0
Extraterrestrial,genre,0
Extraterrestrial,moment,0
Extraterrestrial,period,0
Extraterrestrial,person,0
Extraterrestrial,top,0
F -DJ SET 12,artist,0
F -DJ SET 12,genre,0
F -DJ SET 12,moment,0
F -DJ SET 12,mood,0
F -DJ SET 12,period,0
F -DJ SET 12,person,0
F -DJ SET 12,top,0
F27,context,0
F27,event,0
F27,genre,0
F27,moment,0
F27,mood,0
F27,period,0
F27,person,0
F27,top,0
FILLES,artist,0
FILLES,context,0
FILLES,event,0
FILLES,genre,1
FILLES,moment,0
FILLES,mood,0
FILLES,period,0
FILLES,person,0
FILLES,top,0
FKJ Influences Oct 16,artist,1
FKJ Influences Oct 16,context,0
FKJ Influences Oct 16,event,0
FKJ Influences Oct 16,genre,0
FKJ Influences Oct 16,moment,1
FKJ Influences Oct 16,mood,0
FKJ Influences Oct 16,period,0
FKJ Influences Oct 16,person,0
FKJ Influences Oct 16,top,0
"FLOW - Woodkid, London Grammar",artist,1
"FLOW - Woodkid, London Grammar",context,0
"FLOW - Woodkid, London Grammar",event,0
"FLOW - Woodkid, London Grammar",genre,0
"FLOW - Woodkid, London Grammar",moment,0
"FLOW - Woodkid, London Grammar",mood,0
"FLOW - Woodkid, London Grammar",period,0
"FLOW - Woodkid, London Grammar",person,0
"FLOW - Woodkid, London Grammar",top,0
FRANCAIS,artist,0
FRANCAIS,context,0
FRANCAIS,event,0
FRANCAIS,genre,1
FRANCAIS,moment,0
FRANCAIS,mood,0
FRANCAIS,period,0
FRANCAIS,person,0
FRANCAIS,top,0
FUNK,artist,0
FUNK,context,0
FUNK,event,0
FUNK,genre,1
FUNK,moment,0
FUNK,mood,0
FUNK,period,0
FUNK,person,0
FUNK,top,0
FW2017,artist,0
FW2017,context,0
FW2017,event,0
FW2017,genre,0
FW2017,moment,1
FW2017,mood,0
FW2017,period,0
FW2017,person,0
FW2017,top,0
Far West,artist,0
Far West,context,0
Far West,event,0
Far West,moment,0
Far West,mood,0
Far West,period,0
Far West,person,0
Far West,top,0
Faut bien mélanger,artist,0
Faut bien mélanger,context,0
Faut bien mélanger,event,0
Faut bien mélanger,genre,0
Faut bien mélanger,moment,0
Faut bien mélanger,mood,0
Faut bien mélanger,period,0
Faut bien mélanger,person,0
Faut bien mélanger,top,0
Feloche,artist,1
Feloche,context,0
Feloche,event,0
Feloche,genre,0
Feloche,moment,0
Feloche,mood,0
Feloche,period,0
Feloche,person,0
Feloche,top,0
Femmouzes T,artist,1
Femmouzes T,context,0
Femmouzes T,event,0
Femmouzes T,genre,0
Femmouzes T,moment,0
Femmouzes T,mood,0
Femmouzes T,period,0
Femmouzes T,person,0
Femmouzes T,top,0
Fevrier❄️❄️❄️,artist,0
Fevrier❄️❄️❄️,context,0
Fevrier❄️❄️❄️,event,0
Fevrier❄️❄️❄️,genre,0
Fevrier❄️❄️❄️,mood,0
Fevrier❄️❄️❄️,period,0
Fevrier❄️❄️❄️,person,0
Fevrier❄️❄️❄️,top,0
Fifth Harmony,event,0
Fifth Harmony,genre,0
Fifth Harmony,moment,0
Fifth Harmony,mood,0
Fifth Harmony,period,0
Fifth Harmony,person,0
Fifth Harmony,top,0
Film East Side/Ouest Side-13-14-15-16-17-,context,0
Film East Side/Ouest Side-13-14-15-16-17-,event,0
Film East Side/Ouest Side-13-14-15-16-17-,moment,0
Film East Side/Ouest Side-13-14-15-16-17-,mood,0
Film East Side/Ouest Side-13-14-15-16-17-,period,0
Film East Side/Ouest Side-13-14-15-16-17-,person,0
Film East Side/Ouest Side-13-14-15-16-17-,top,0
Firestones,artist,0
Firestones,context,0
Firestones,event,0
Firestones,genre,0
Firestones,moment,0
Firestones,mood,0
Firestones,period,0
Firestones,person,0
Firestones,top,0
First part of the eighties,artist,0
First part of the eighties,context,0
First part of the eighties,event,0
First part of the eighties,genre,0
First part of the eighties,moment,0
First part of the eighties,mood,0
First part of the eighties,person,0
First part of the eighties,top,0
Fitness Motivation Hits 2022,artist,0
Fitness Motivation Hits 2022,context,1
Fitness Motivation Hits 2022,event,0
Fitness Motivation Hits 2022,genre,0
Fitness Motivation Hits 2022,moment,1
Fitness Motivation Hits 2022,period,0
Fitness Motivation Hits 2022,person,0
Fitness Motivation Hits 2022,top,0
Flashback,artist,0
Flashback,context,0
Flashback,event,0
Flashback,genre,0
Flashback,mood,0
Flashback,period,0
Flashback,person,0
Flashback,top,0
Flo zouk,artist,0
Flo zouk,context,0
Flo zouk,event,0
Flo zouk,genre,1
Flo zouk,moment,0
Flo zouk,mood,0
Flo zouk,period,0
Flo zouk,person,1
Flo zouk,top,0
Flora,artist,0
Flora,context,0
Flora,event,0
Flora,genre,0
Flora,moment,0
Flora,mood,0
Flora,period,0
Flora,person,1
Flora,top,0
Flow métal,artist,0
Flow métal,context,0
Flow métal,event,0
Flow métal,genre,1
Flow métal,moment,0
Flow métal,period,0
Flow métal,person,0
Flow métal,top,0
Foi,artist,0
Foi,context,0
Foi,event,0
Foi,moment,0
Foi,period,0
Foi,person,0
Foi,top,0
Frappe,artist,0
Frappe,context,0
Frappe,event,0
Frappe,genre,0
Frappe,moment,0
Frappe,period,0
Frappe,person,0
French Pop,artist,0
French Pop,context,0
French Pop,event,0
French Pop,genre,1
French Pop,moment,0
French Pop,mood,0
French Pop,period,0
French Pop,person,0
French Pop,top,0
Frenchcore,artist,0
Frenchcore,context,0
Frenchcore,event,0
Frenchcore,genre,1
Frenchcore,moment,0
Frenchcore,mood,0
Frenchcore,period,0
Frenchcore,person,0
Frenchcore,top,0
Freteville,artist,0
Freteville,genre,0
Freteville,moment,0
Freteville,mood,0
Freteville,period,0
Freteville,person,0
Freteville,top,0
Funfit 2022,artist,0
Funfit 2022,genre,0
Funfit 2022,period,0
Funfit 2022,person,0
Funfit 2022,top,0
Funk of today,artist,0
Funk of today,context,0
Funk of today,event,0
Funk of today,genre,1
Funk of today,moment,0
Funk of today,mood,0
Funk of today,person,0
Funk of today,top,0
Funky and groovy,artist,0
Funky and groovy,context,0
Funky and groovy,event,0
Funky and groovy,moment,0
Funky and groovy,period,0
Funky and groovy,person,0
Funky and groovy,top,0
Féministes,artist,0
Féministes,context,0
Féministes,event,0
Féministes,genre,1
Féministes,moment,0
Féministes,mood,0
Féministes,period,0
Féministes,person,0
Féministes,top,0
GDD POP,artist,0
GDD POP,context,0
GDD POP,event,0
GDD POP,moment,0
GDD POP,mood,0
GDD POP,period,0
GDD POP,person,0
GDD POP,top,0
GIRLS !,context,0
GIRLS !,event,0
GIRLS !,moment,0
GIRLS !,mood,0
GIRLS !,period,0
GIRLS !,person,0
GIRLS !,top,0
GROUNDATION Here i am,artist,1
GROUNDATION Here i am,context,0
GROUNDATION Here i am,event,0
GROUNDATION Here i am,genre,0
GROUNDATION Here i am,moment,0
GROUNDATION Here i am,mood,0
GROUNDATION Here i am,period,0
GROUNDATION Here i am,person,0
GROUNDATION Here i am,top,0
Gary Jules,artist,1
Gary Jules,context,0
Gary Jules,event,0
Gary Jules,genre,0
Gary Jules,moment,0
Gary Jules,mood,0
Gary Jules,period,0
Gary Jules,person,0
Gary Jules,top,0
Gentils Garçons,context,0
Gentils Garçons,event,0
Gentils Garçons,moment,0
Gentils Garçons,mood,0
Gentils Garçons,period,0
Gentils Garçons,person,0
Gentils Garçons,top,0
George100,artist,0
George100,context,0
George100,event,0
George100,genre,0
George100,moment,0
George100,mood,0
George100,period,0
George100,person,1
George100,top,0
Georges Benson,artist,1
Georges Benson,context,0
Georges Benson,event,0
Georges Benson,genre,0
Georges Benson,moment,0
Georges Benson,mood,0
Georges Benson,period,0
Georges Benson,person,0
Georges Benson,top,0
Ghibli,context,0
Ghibli,event,0
Ghibli,moment,0
Ghibli,mood,0
Ghibli,period,0
Ghibli,person,0
Ghibli,top,0
Gisela Joao,artist,1
Gisela Joao,context,0
Gisela Joao,event,0
Gisela Joao,genre,0
Gisela Joao,moment,0
Gisela Joao,mood,0
Gisela Joao,period,0
Gisela Joao,person,0
Gisela Joao,top,0
Giulini et la musique française (les années EMI),artist,1
Giulini et la musique française (les années EMI),context,0
Giulini et la musique française (les années EMI),event,0
Giulini et la musique française (les années EMI),genre,1
Giulini et la musique française (les années EMI),moment,0
Giulini et la musique française (les années EMI),mood,0
Giulini et la musique française (les années EMI),period,1
Giulini et la musique française (les années EMI),person,0
Giulini et la musique française (les années EMI),top,0
Gladys night,context,0
Gladys night,genre,0
Gladys night,moment,0
Gladys night,mood,0
Gladys night,period,0
Gladys night,person,0
Gladys night,top,0
Good Music,artist,0
Good Music,context,0
Good Music,event,0
Good Music,genre,0
Good Music,moment,0
Good Music,mood,0
Good Music,period,0
Good Music,person,0
Good Vib...,artist,0
Good Vib...,context,0
Good Vib...,event,0
Good Vib...,genre,0
Good Vib...,moment,0
Good Vib...,period,0
Good Vib...,person,0
Good Vib...,top,0
Good day - Yellow Claw,artist,1
Good day - Yellow Claw,context,0
Good day - Yellow Claw,event,0
Good day - Yellow Claw,genre,0
Good day - Yellow Claw,moment,0
Good day - Yellow Claw,mood,0
Good day - Yellow Claw,period,0
Good day - Yellow Claw,person,0
Good day - Yellow Claw,top,0
Goodbyes,artist,0
Goodbyes,context,0
Goodbyes,event,0
Goodbyes,genre,0
Goodbyes,moment,0
Goodbyes,mood,1
Goodbyes,period,0
Goodbyes,person,0
Goodbyes,top,0
Gorillaz: The Setlist,artist,1
Gorillaz: The Setlist,context,0
Gorillaz: The Setlist,genre,0
Gorillaz: The Setlist,moment,0
Gorillaz: The Setlist,mood,0
Gorillaz: The Setlist,period,0
Gorillaz: The Setlist,person,0
Gorillaz: The Setlist,top,0
Gova 😎,artist,0
Gova 😎,context,1
Gova 😎,event,0
Gova 😎,genre,0
Gova 😎,moment,0
Gova 😎,period,0
Gova 😎,person,0
Gova 😎,top,0
Gran Bang,context,0
Gran Bang,event,0
Gran Bang,genre,0
Gran Bang,moment,0
Gran Bang,mood,0
Gran Bang,period,0
Gran Bang,person,0
Gran Bang,top,0
Gros loto,artist,0
Gros loto,context,0
Gros loto,event,0
Gros loto,genre,0
Gros loto,moment,0
Gros loto,mood,0
Gros loto,period,0
Gros loto,person,0
Gros loto,top,0
Guitar Hero III,context,0
Guitar Hero III,event,0
Guitar Hero III,moment,0
Guitar Hero III,mood,0
Guitar Hero III,period,0
Guitar Hero III,person,0
Guitar Hero III,top,0
Gwada 2k22-23,artist,0
Gwada 2k22-23,context,0
Gwada 2k22-23,genre,0
Gwada 2k22-23,mood,0
Gwada 2k22-23,period,0
Gwada 2k22-23,person,0
Gwada 2k22-23,top,0
H@ppy,artist,0
H@ppy,context,0
H@ppy,event,0
H@ppy,genre,0
H@ppy,moment,0
H@ppy,mood,1
H@ppy,period,0
H@ppy,person,0
H@ppy,top,0
HART Beth 2022 A Tribute to Led Zeppelin,artist,1
HART Beth 2022 A Tribute to Led Zeppelin,context,0
HART Beth 2022 A Tribute to Led Zeppelin,genre,0
HART Beth 2022 A Tribute to Led Zeppelin,moment,0
HART Beth 2022 A Tribute to Led Zeppelin,mood,0
HART Beth 2022 A Tribute to Led Zeppelin,period,0
HART Beth 2022 A Tribute to Led Zeppelin,person,0
HART Beth 2022 A Tribute to Led Zeppelin,top,0
HB Thiéfaine,context,0
HB Thiéfaine,genre,0
HB Thiéfaine,moment,0
HB Thiéfaine,mood,0
HB Thiéfaine,period,0
HB Thiéfaine,top,0
HG,artist,0
HG,context,0
HG,event,0
HG,genre,0
HG,moment,0
HG,mood,0
HG,period,0
HG,top,0
"HITS 2018 "" vol 2 """,artist,0
"HITS 2018 "" vol 2 """,context,0
"HITS 2018 "" vol 2 """,event,0
"HITS 2018 "" vol 2 """,genre,0
"HITS 2018 "" vol 2 """,moment,1
"HITS 2018 "" vol 2 """,mood,0
"HITS 2018 "" vol 2 """,period,0
"HITS 2018 "" vol 2 """,person,0
Halloween 👻 🎃,artist,0
Halloween 👻 🎃,context,0
Halloween 👻 🎃,event,1
Halloween 👻 🎃,genre,0
Halloween 👻 🎃,moment,0
Halloween 👻 🎃,mood,0
Halloween 👻 🎃,period,0
Halloween 👻 🎃,person,0
Halloween 👻 🎃,top,0
Hard core & Gore,artist,0
Hard core & Gore,context,0
Hard core & Gore,event,0
Hard core & Gore,genre,1
Hard core & Gore,moment,0
Hard core & Gore,mood,0
Hard core & Gore,period,0
Hard core & Gore,person,0
Hard core & Gore,top,0
Hasard Heureux,artist,0
Hasard Heureux,context,0
Hasard Heureux,event,0
Hasard Heureux,genre,0
Hasard Heureux,moment,0
Hasard Heureux,period,0
Hasard Heureux,person,0
Hasard Heureux,top,0
Healing music for soul,artist,0
Healing music for soul,context,0
Healing music for soul,event,0
Healing music for soul,genre,0
Healing music for soul,moment,0
Healing music for soul,mood,1
Healing music for soul,period,0
Healing music for soul,person,0
Healing music for soul,top,0
Heike,artist,0
Heike,context,0
Heike,event,0
Heike,genre,0
Heike,moment,0
Heike,mood,0
Heike,period,0
Heike,person,1
Heike,top,0
Hit Hard,artist,0
Hit Hard,context,0
Hit Hard,event,0
Hit Hard,genre,0
Hit Hard,moment,0
Hit Hard,period,0
Hit Hard,person,0
Hit Hard,top,0
Hit girls,artist,0
Hit girls,context,0
Hit girls,event,0
Hit girls,moment,0
Hit girls,mood,0
Hit girls,period,0
Hit girls,person,0
Hit girls,top,0
Hot Reggaeton Latino,artist,0
Hot Reggaeton Latino,context,0
Hot Reggaeton Latino,event,0
Hot Reggaeton Latino,genre,1
Hot Reggaeton Latino,moment,0
Hot Reggaeton Latino,period,0
Hot Reggaeton Latino,person,0
Hot Reggaeton Latino,top,0
House FrenchTouch,artist,0
House FrenchTouch,context,0
House FrenchTouch,event,0
House FrenchTouch,genre,1
House FrenchTouch,moment,0
House FrenchTouch,mood,0
House FrenchTouch,period,0
House FrenchTouch,person,0
House FrenchTouch,top,0
Hérisson,artist,0
Hérisson,context,0
Hérisson,event,0
Hérisson,genre,0
Hérisson,moment,0
Hérisson,mood,0
Hérisson,period,0
Hérisson,person,0
Hérisson,top,0
I Guess I'll have to Change my Plan,context,0
I Guess I'll have to Change my Plan,event,0
I Guess I'll have to Change my Plan,genre,0
I Guess I'll have to Change my Plan,moment,0
I Guess I'll have to Change my Plan,period,0
I Guess I'll have to Change my Plan,person,0
I Guess I'll have to Change my Plan,top,0
I Just Need Sun,artist,0
I Just Need Sun,context,0
I Just Need Sun,event,0
I Just Need Sun,genre,0
I Just Need Sun,moment,0
I Just Need Sun,mood,1
I Just Need Sun,period,0
I Just Need Sun,person,0
I Just Need Sun,top,0
INCLASSABLES,artist,0
INCLASSABLES,context,0
INCLASSABLES,event,0
INCLASSABLES,genre,0
INCLASSABLES,moment,0
INCLASSABLES,mood,0
INCLASSABLES,period,0
INCLASSABLES,person,0
INCLASSABLES,top,0
Ibiza,artist,0
Ibiza,mood,0
Ibiza,period,0
Ibiza,person,0
Ibiza,top,0
Il va faire tout noir,artist,0
Il va faire tout noir,event,0
Il va faire tout noir,genre,0
Il va faire tout noir,moment,0
Il va faire tout noir,mood,0
Il va faire tout noir,period,0
Il va faire tout noir,person,0
Il va faire tout noir,top,0
Ils ont osé,artist,0
Ils ont osé,context,0
Ils ont osé,event,0
Ils ont osé,moment,0
Ils ont osé,mood,0
Ils ont osé,period,0
Ils ont osé,person,0
Ils ont osé,top,0
Injustement oubliés,artist,0
Injustement oubliés,context,0
Injustement oubliés,event,0
Injustement oubliés,genre,0
Injustement oubliés,mood,0
Injustement oubliés,person,0
Injustement oubliés,top,0
Inspirate : Sabine,artist,0
Inspirate : Sabine,context,0
Inspirate : Sabine,event,0
Inspirate : Sabine,genre,0
Inspirate : Sabine,moment,0
Inspirate : Sabine,mood,0
Inspirate : Sabine,period,0
Inspirate : Sabine,person,1
Inspirate : Sabine,top,0
Iron maiden la defense arena 2022,artist,1
Iron maiden la defense arena 2022,context,0
Iron maiden la defense arena 2022,event,1
Iron maiden la defense arena 2022,genre,0
Iron maiden la defense arena 2022,mood,0
Iron maiden la defense arena 2022,period,0
Iron maiden la defense arena 2022,person,0
Iron maiden la defense arena 2022,top,0
I’m so tired,artist,0
I’m so tired,context,0
I’m so tired,event,0
I’m so tired,genre,0
I’m so tired,moment,0
I’m so tired,mood,1
I’m so tired,period,0
I’m so tired,person,0
I’m so tired,top,0
JI MOB,artist,1
JI MOB,context,0
JI MOB,event,0
JI MOB,genre,0
JI MOB,moment,0
JI MOB,mood,0
JI MOB,period,0
JI MOB,person,0
JI MOB,top,0
JJ,context,0
JJ,event,0
JJ,genre,0
JJ,moment,0
JJ,mood,0
JJ,period,0
JJ,person,0
JJ,top,0
JJG,artist,1
JJG,context,0
JJG,event,0
JJG,genre,0
JJG,moment,0
JJG,mood,0
JJG,period,0
JJG,person,0
JJG,top,0
JUL a l’encienne,artist,1
JUL a l’encienne,context,0
JUL a l’encienne,event,0
JUL a l’encienne,genre,0
JUL a l’encienne,moment,0
JUL a l’encienne,mood,0
JUL a l’encienne,person,0
JUL a l’encienne,top,0
JUSTIN BIEBER,artist,1
JUSTIN BIEBER,context,0
JUSTIN BIEBER,event,0
JUSTIN BIEBER,genre,0
JUSTIN BIEBER,moment,0
JUSTIN BIEBER,mood,0
JUSTIN BIEBER,period,0
JUSTIN BIEBER,person,0
JUSTIN BIEBER,top,0
Jami 🤙🏻,artist,0
Jami 🤙🏻,context,0
Jami 🤙🏻,event,0
Jami 🤙🏻,genre,0
Jami 🤙🏻,moment,0
Jami 🤙🏻,mood,0
Jami 🤙🏻,period,0
Jami 🤙🏻,person,1
Jami 🤙🏻,top,0
janvier 2,artist,0
janvier 2,context,0
janvier 2,genre,0
janvier 2,mood,0
janvier 2,period,0
janvier 2,person,0
janvier 2,top,0
Jason Derulo,artist,1
Jason Derulo,context,0
Jason Derulo,event,0
Jason Derulo,genre,0
Jason Derulo,moment,0
Jason Derulo,mood,0
Jason Derulo,period,0
Jason Derulo,person,0
Jason Derulo,top,0
Jazz Made In France,artist,0
Jazz Made In France,context,0
Jazz Made In France,event,0
Jazz Made In France,genre,1
Jazz Made In France,moment,0
Jazz Made In France,mood,0
Jazz Made In France,period,0
Jazz Made In France,person,0
Jazz Made In France,top,0
Jc Vannier,artist,1
Jc Vannier,context,0
Jc Vannier,event,0
Jc Vannier,genre,0
Jc Vannier,moment,0
Jc Vannier,mood,0
Jc Vannier,period,0
Jc Vannier,person,0
Jc Vannier,top,0
Jean-Bernard,artist,0
Jean-Bernard,context,0
Jean-Bernard,event,0
Jean-Bernard,genre,0
Jean-Bernard,moment,0
Jean-Bernard,mood,0
Jean-Bernard,period,0
Jean-Bernard,top,0
Joe Dukie,artist,1
Joe Dukie,context,0
Joe Dukie,event,0
Joe Dukie,genre,0
Joe Dukie,moment,0
Joe Dukie,mood,0
Joe Dukie,period,0
Joe Dukie,person,0
Joe Dukie,top,0
Johann Sebastian Bach,artist,1
Johann Sebastian Bach,context,0
Johann Sebastian Bach,event,0
Johann Sebastian Bach,genre,0
Johann Sebastian Bach,moment,0
Johann Sebastian Bach,mood,0
Johann Sebastian Bach,period,0
Johann Sebastian Bach,person,0
Johann Sebastian Bach,top,0
Johnny Colon,artist,1
Johnny Colon,context,0
Johnny Colon,event,0
Johnny Colon,genre,0
Johnny Colon,moment,0
Johnny Colon,mood,0
Johnny Colon,period,0
Johnny Colon,person,0
Johnny Colon,top,0
Joie de vivre,artist,0
Joie de vivre,context,0
Joie de vivre,event,0
Joie de vivre,genre,0
Joie de vivre,moment,0
Joie de vivre,mood,1
Joie de vivre,period,0
Joie de vivre,person,0
Joie de vivre,top,0
Join The Future : UK Bleep,artist,0
Join The Future : UK Bleep,context,0
Join The Future : UK Bleep,event,0
Join The Future : UK Bleep,genre,1
Join The Future : UK Bleep,moment,0
Join The Future : UK Bleep,mood,0
Join The Future : UK Bleep,person,0
Join The Future : UK Bleep,top,0
Joshua’s drill,artist,0
Joshua’s drill,context,0
Joshua’s drill,event,0
Joshua’s drill,moment,0
Joshua’s drill,mood,0
Joshua’s drill,period,0
Joshua’s drill,top,0
Journée d’été,artist,0
Journée d’été,context,1
Journée d’été,event,0
Journée d’été,genre,0
Journée d’été,moment,0
Journée d’été,period,0
Journée d’été,person,0
Journée d’été,top,0
Just Songs.,artist,0
Just Songs.,context,0
Just Songs.,event,0
Just Songs.,moment,0
Just Songs.,mood,0
Just Songs.,period,0
Just Songs.,person,0
Just Songs.,top,0
K-POP 2,artist,0
K-POP 2,context,0
K-POP 2,event,0
K-POP 2,genre,1
K-POP 2,moment,0
K-POP 2,mood,0
K-POP 2,period,0
K-POP 2,person,0
K-POP 2,top,0
KABYLE,artist,0
KABYLE,context,0
KABYLE,event,0
KABYLE,genre,1
KABYLE,moment,0
KABYLE,mood,0
KABYLE,period,0
KABYLE,person,0
KABYLE,top,0
KEYS Alicia,artist,1
KEYS Alicia,context,0
KEYS Alicia,event,0
KEYS Alicia,genre,0
KEYS Alicia,moment,0
KEYS Alicia,mood,0
KEYS Alicia,period,0
KEYS Alicia,person,0
KEYS Alicia,top,0
Kelly Clarkson,artist,1
Kelly Clarkson,context,0
Kelly Clarkson,event,0
Kelly Clarkson,genre,0
Kelly Clarkson,moment,0
Kelly Clarkson,mood,0
Kelly Clarkson,period,0
Kelly Clarkson,person,0
Kelly Clarkson,top,0
Key Largo,context,0
Key Largo,genre,0
Key Largo,moment,0
Key Largo,mood,0
Key Largo,period,0
Key Largo,person,0
Key Largo,top,0
Kidz,artist,0
Kidz,context,0
Kidz,event,0
Kidz,genre,1
Kidz,moment,0
Kidz,mood,0
Kidz,period,0
Kidz,top,0
Konbini,artist,0
Konbini,context,0
Konbini,event,0
Konbini,genre,0
Konbini,moment,0
Konbini,mood,0
Konbini,period,0
Konbini,person,0
Konbini,top,0
Kult FM,context,0
Kult FM,event,0
Kult FM,genre,0
Kult FM,moment,0
Kult FM,mood,0
Kult FM,period,0
Kult FM,person,0
Kult FM,top,0
Kundalove,context,0
Kundalove,event,0
Kundalove,genre,0
Kundalove,moment,0
Kundalove,period,0
Kundalove,person,0
Kundalove,top,0
Kylie Impossible Princess,artist,1
Kylie Impossible Princess,context,0
Kylie Impossible Princess,event,0
Kylie Impossible Princess,genre,0
Kylie Impossible Princess,moment,0
Kylie Impossible Princess,mood,0
Kylie Impossible Princess,period,0
Kylie Impossible Princess,person,0
Kylie Impossible Princess,top,0
Kylie Minogue : Step Back In Time - The Definitive,artist,1
Kylie Minogue : Step Back In Time - The Definitive,context,0
Kylie Minogue : Step Back In Time - The Definitive,event,0
Kylie Minogue : Step Back In Time - The Definitive,genre,0
Kylie Minogue : Step Back In Time - The Definitive,moment,0
Kylie Minogue : Step Back In Time - The Definitive,mood,0
Kylie Minogue : Step Back In Time - The Definitive,period,0
Kylie Minogue : Step Back In Time - The Definitive,person,0
Kylie Minogue : Step Back In Time - The Definitive,top,0
LADY GAGA,artist,1
LADY GAGA,context,0
LADY GAGA,event,0
LADY GAGA,genre,0
LADY GAGA,moment,0
LADY GAGA,mood,0
LADY GAGA,period,0
LADY GAGA,person,0
LADY GAGA,top,0
LBDL,context,0
LBDL,event,0
LBDL,genre,0
LBDL,moment,0
LBDL,mood,0
LBDL,period,0
LBDL,person,0
LBDL,top,0
La Princesse <3,artist,0
La Princesse <3,context,0
La Princesse <3,event,0
La Princesse <3,genre,0
La Princesse <3,moment,0
La Princesse <3,mood,0
La Princesse <3,period,0
La Princesse <3,person,1
La Princesse <3,top,0
La rue ketanou,artist,1
La rue ketanou,context,0
La rue ketanou,event,0
La rue ketanou,genre,0
La rue ketanou,moment,0
La rue ketanou,mood,0
La rue ketanou,period,0
La rue ketanou,person,0
La rue ketanou,top,0
La sélec,artist,0
La sélec,context,0
La sélec,event,0
La sélec,genre,0
La sélec,moment,0
La sélec,mood,0
La sélec,period,0
La sélec,person,0
La vie de Beethoven,artist,1
La vie de Beethoven,context,0
La vie de Beethoven,event,0
La vie de Beethoven,genre,0
La vie de Beethoven,moment,0
La vie de Beethoven,mood,0
La vie de Beethoven,period,0
La vie de Beethoven,person,0
La vie de Beethoven,top,0
Laeti,context,0
Laeti,event,0
Laeti,genre,0
Laeti,moment,0
Laeti,mood,0
Laeti,period,0
Laeti,top,0
Lakestone chap16,artist,0
Lakestone chap16,context,0
Lakestone chap16,genre,0
Lakestone chap16,moment,0
Lakestone chap16,mood,0
Lakestone chap16,period,0
Lakestone chap16,person,0
Lakestone chap16,top,0
Laptiteden,context,0
Laptiteden,event,0
Laptiteden,genre,0
Laptiteden,moment,0
Laptiteden,mood,0
Laptiteden,period,0
Laptiteden,person,0
Laptiteden,top,0
Latinos locos,artist,0
Latinos locos,context,0
Latinos locos,event,0
Latinos locos,genre,1
Latinos locos,moment,0
Latinos locos,mood,0
Latinos locos,period,0
Latinos locos,person,0
Latinos locos,top,0
Laulau2,artist,0
Laulau2,context,0
Laulau2,event,0
Laulau2,genre,0
Laulau2,moment,0
Laulau2,mood,0
Laulau2,period,0
Laulau2,person,1
Laulau2,top,0
Laura❤️,artist,0
Laura❤️,context,0
Laura❤️,event,0
Laura❤️,genre,0
Laura❤️,moment,0
Laura❤️,mood,0
Laura❤️,period,0
Laura❤️,person,1
Laura❤️,top,0
Lele,artist,0
Lele,context,0
Lele,event,0
Lele,genre,0
Lele,moment,0
Lele,mood,0
Lele,period,0
Lele,person,1
Lele,top,0
Leny Escudéro,artist,1
Leny Escudéro,context,0
Leny Escudéro,event,0
Leny Escudéro,genre,0
Leny Escudéro,moment,0
Leny Escudéro,mood,0
Leny Escudéro,period,0
Leny Escudéro,person,0
Leny Escudéro,top,0
Les chansons de lean-Mi,artist,0
Les chansons de lean-Mi,context,0
Les chansons de lean-Mi,event,0
Les chansons de lean-Mi,genre,0
Les chansons de lean-Mi,moment,0
Les chansons de lean-Mi,mood,0
Les chansons de lean-Mi,period,0
Les chansons de lean-Mi,person,1
Les chansons de lean-Mi,top,0
Les poètes,artist,0
Les poètes,context,0
Les poètes,event,0
Les poètes,moment,0
Les poètes,mood,0
Les poètes,period,0
Les poètes,person,0
Les poètes,top,0
Les titres du moment 19/08/21,artist,0
Les titres du moment 19/08/21,context,0
Les titres du moment 19/08/21,genre,0
Les titres du moment 19/08/21,mood,0
Les titres du moment 19/08/21,period,0
Les titres du moment 19/08/21,person,0
Les voyages en train,artist,0
Les voyages en train,context,1
Les voyages en train,event,0
Les voyages en train,genre,0
Les voyages en train,moment,0
Les voyages en train,mood,0
Les voyages en train,period,0
Les voyages en train,person,0
Les voyages en train,top,0
Let’s Get Spooky,artist,0
Let’s Get Spooky,context,0
Let’s Get Spooky,event,0
Let’s Get Spooky,genre,0
Let’s Get Spooky,moment,0
Let’s Get Spooky,period,0
Let’s Get Spooky,person,0
Let’s Get Spooky,top,0
Lewis & Clark,artist,0
Lewis & Clark,event,0
Lewis & Clark,genre,0
Lewis & Clark,moment,0
Lewis & Clark,mood,0
Lewis & Clark,period,0
Lewis & Clark,person,0
Lewis & Clark,top,0
Lewis capaldi,artist,1
Lewis capaldi,context,0
Lewis capaldi,event,0
Lewis capaldi,genre,0
Lewis capaldi,moment,0
Lewis capaldi,mood,0
Lewis capaldi,period,0
Lewis capaldi,person,0
Lewis capaldi,top,0
Lisa,artist,0
Lisa,context,0
Lisa,event,0
Lisa,genre,0
Lisa,moment,0
Lisa,mood,0
Lisa,period,0
Lisa,person,1
Lisa,top,0
Little mix,context,0
Little mix,event,0
Little mix,genre,0
Little mix,moment,0
Little mix,mood,0
Little mix,period,0
Little mix,person,0
Little mix,top,0
Logan,artist,0
Logan,context,0
Logan,event,0
Logan,genre,0
Logan,moment,0
Logan,mood,0
Logan,period,0
Logan,person,1
Logan,top,0
Los Venites,context,0
Los Venites,event,0
Los Venites,moment,0
Los Venites,mood,0
Los Venites,period,0
Los Venites,person,0
Los Venites,top,0
Louise et Mickey,artist,0
Louise et Mickey,context,0
Louise et Mickey,event,1
Louise et Mickey,genre,0
Louise et Mickey,moment,0
Louise et Mickey,mood,0
Louise et Mickey,period,0
Louise et Mickey,person,1
Louise et Mickey,top,0
Louis🥰,artist,0
Louis🥰,context,0
Louis🥰,event,0
Louis🥰,genre,0
Louis🥰,moment,0
Louis🥰,mood,0
Louis🥰,period,0
Louis🥰,person,1
Louis🥰,top,0
Love to you Muisix 🥃📼🎶💜,artist,0
Love to you Muisix 🥃📼🎶💜,context,0
Love to you Muisix 🥃📼🎶💜,event,0
Love to you Muisix 🥃📼🎶💜,genre,0
Love to you Muisix 🥃📼🎶💜,moment,0
Love to you Muisix 🥃📼🎶💜,period,0
Love to you Muisix 🥃📼🎶💜,person,0
Love to you Muisix 🥃📼🎶💜,top,0
Love 🥰,artist,0
Love 🥰,context,0
Love 🥰,event,0
Love 🥰,genre,0
Love 🥰,moment,0
Love 🥰,mood,1
Love 🥰,period,0
Love 🥰,person,0
LoveSongs,artist,0
LoveSongs,context,0
LoveSongs,event,0
LoveSongs,moment,0
LoveSongs,mood,1
LoveSongs,period,0
LoveSongs,person,0
LoveSongs,top,0
Légendes du Rock,artist,0
Légendes du Rock,context,0
Légendes du Rock,event,0
Légendes du Rock,genre,1
Légendes du Rock,moment,0
Légendes du Rock,mood,0
Légendes du Rock,period,0
Légendes du Rock,person,0
M&M's,context,0
M&M's,event,0
M&M's,genre,0
M&M's,moment,0
M&M's,mood,0
M&M's,period,0
M&M's,person,0
M&M's,top,0
MSB_Psycko,event,0
MSB_Psycko,genre,0
MSB_Psycko,moment,0
MSB_Psycko,mood,0
MSB_Psycko,period,0
MSB_Psycko,person,0
MSB_Psycko,top,0
MUSCU,artist,0
MUSCU,context,1
MUSCU,event,0
MUSCU,genre,0
MUSCU,moment,0
MUSCU,mood,0
MUSCU,period,0
MUSCU,person,0
MUSCU,top,0
MUSCU ARC 2 👹👹,artist,0
MUSCU ARC 2 👹👹,context,1
MUSCU ARC 2 👹👹,event,0
MUSCU ARC 2 👹👹,genre,0
MUSCU ARC 2 👹👹,mood,0
MUSCU ARC 2 👹👹,period,0
MUSCU ARC 2 👹👹,person,0
MUSCU ARC 2 👹👹,top,0
Ma dernière playlist,artist,0
Ma dernière playlist,context,0
Ma dernière playlist,event,0
Ma dernière playlist,genre,0
Ma dernière playlist,mood,0
Ma dernière playlist,period,0
Ma dernière playlist,person,0
Ma dernière playlist,top,0
Ma sélection,artist,0
Ma sélection,context,0
Ma sélection,event,0
Ma sélection,genre,0
Ma sélection,moment,0
Ma sélection,mood,0
Ma sélection,period,0
Ma sélection,person,0
Ma sélection,top,1
Mabel Dont call me up,artist,1
Mabel Dont call me up,context,0
Mabel Dont call me up,event,0
Mabel Dont call me up,genre,0
Mabel Dont call me up,moment,0
Mabel Dont call me up,mood,0
Mabel Dont call me up,period,0
Mabel Dont call me up,person,0
Mabel Dont call me up,top,0
Mael,artist,0
Mael,context,0
Mael,event,0
Mael,genre,0
Mael,moment,0
Mael,mood,0
Mael,period,0
Mael,person,1
Mael,top,0
Make it easy,artist,0
Make it easy,context,0
Make it easy,event,0
Make it easy,genre,0
Make it easy,moment,0
Make it easy,period,0
Make it easy,person,0
Make it easy,top,0
Maman,artist,0
Maman,context,0
Maman,event,0
Maman,genre,0
Maman,moment,0
Maman,mood,0
Maman,period,0
Maman,person,1
Maman,top,0
Mariage de Marie Lou,artist,0
Mariage de Marie Lou,context,0
Mariage de Marie Lou,event,1
Mariage de Marie Lou,genre,0
Mariage de Marie Lou,moment,0
Mariage de Marie Lou,mood,0
Mariage de Marie Lou,period,0
Mariage de Marie Lou,person,1
Mariage de Marie Lou,top,0
Mariage 👰🏻‍♀️🤵🏼‍♂️,artist,0
Mariage 👰🏻‍♀️🤵🏼‍♂️,context,0
Mariage 👰🏻‍♀️🤵🏼‍♂️,event,1
Mariage 👰🏻‍♀️🤵🏼‍♂️,genre,0
Mariage 👰🏻‍♀️🤵🏼‍♂️,moment,0
Mariage 👰🏻‍♀️🤵🏼‍♂️,mood,0
Mariage 👰🏻‍♀️🤵🏼‍♂️,period,0
Mariage 👰🏻‍♀️🤵🏼‍♂️,person,0
Mariage 👰🏻‍♀️🤵🏼‍♂️,top,0
Marie❤️,artist,0
Marie❤️,context,0
Marie❤️,event,0
Marie❤️,genre,0
Marie❤️,moment,0
Marie❤️,mood,0
Marie❤️,period,0
Marie❤️,person,1
Marie❤️,top,0
Marion cool,artist,0
Marion cool,context,0
Marion cool,event,0
Marion cool,genre,0
Marion cool,moment,0
Marion cool,mood,1
Marion cool,period,0
Marion cool,person,1
Marion cool,top,0
"Mars , Avril 2015",artist,0
"Mars , Avril 2015",context,0
"Mars , Avril 2015",event,0
"Mars , Avril 2015",genre,0
"Mars , Avril 2015",moment,1
"Mars , Avril 2015",mood,0
"Mars , Avril 2015",period,0
"Mars , Avril 2015",person,0
"Mars , Avril 2015",top,0
Marshall 100,artist,0
Marshall 100,context,0
Marshall 100,event,0
Marshall 100,genre,0
Marshall 100,moment,0
Marshall 100,mood,0
Marshall 100,period,0
Marshall 100,person,0
Marshall 100,top,0
Matins Caroline,artist,0
Matins Caroline,context,1
Matins Caroline,event,0
Matins Caroline,genre,0
Matins Caroline,moment,0
Matins Caroline,mood,0
Matins Caroline,period,0
Matins Caroline,person,1
Matins Caroline,top,0
Maurane chante Brel,artist,1
Maurane chante Brel,context,0
Maurane chante Brel,event,0
Maurane chante Brel,genre,0
Maurane chante Brel,moment,0
Maurane chante Brel,mood,0
Maurane chante Brel,period,0
Maurane chante Brel,person,0
Maurane chante Brel,top,0
Mauvais ordre,context,0
Mauvais ordre,event,0
Mauvais ordre,genre,0
Mauvais ordre,moment,0
Mauvais ordre,mood,0
Mauvais ordre,period,0
Mauvais ordre,person,0
Mauvais ordre,top,0
Mavi Boncuk,artist,1
Mavi Boncuk,context,0
Mavi Boncuk,event,0
Mavi Boncuk,genre,0
Mavi Boncuk,moment,0
Mavi Boncuk,mood,0
Mavi Boncuk,period,0
Mavi Boncuk,person,0
Mavi Boncuk,top,0
Maxence 2,artist,0
Maxence 2,context,0
Maxence 2,event,0
Maxence 2,genre,0
Maxence 2,moment,0
Maxence 2,mood,0
Maxence 2,period,0
Maxence 2,person,1
Maxence 2,top,0
Maëlic Bihan,artist,0
Maëlic Bihan,context,0
Maëlic Bihan,event,0
Maëlic Bihan,genre,0
Maëlic Bihan,moment,0
Maëlic Bihan,mood,0
Maëlic Bihan,period,0
Maëlic Bihan,person,1
Maëlic Bihan,top,0
Melvins,artist,1
Melvins,context,0
Melvins,event,0
Melvins,genre,0
Melvins,moment,0
Melvins,mood,0
Melvins,period,0
Melvins,person,0
Melvins,top,0
Merengue - Elvis Crespo,artist,1
Merengue - Elvis Crespo,context,0
Merengue - Elvis Crespo,event,0
Merengue - Elvis Crespo,moment,0
Merengue - Elvis Crespo,mood,0
Merengue - Elvis Crespo,period,0
Merengue - Elvis Crespo,person,0
Merengue - Elvis Crespo,top,0
Metal Essentials,artist,0
Metal Essentials,context,0
Metal Essentials,event,0
Metal Essentials,genre,1
Metal Essentials,moment,0
Metal Essentials,mood,0
Metal Essentials,period,0
Metal Essentials,person,0
Metric,artist,1
Metric,context,0
Metric,event,0
Metric,genre,0
Metric,moment,0
Metric,mood,0
Metric,period,0
Metric,person,0
Metric,top,0
Mica,context,0
Mica,event,0
Mica,genre,0
Mica,moment,0
Mica,mood,0
Mica,period,0
Mica,top,0
Milli Vanilli,artist,1
Milli Vanilli,context,0
Milli Vanilli,event,0
Milli Vanilli,genre,0
Milli Vanilli,moment,0
Milli Vanilli,mood,0
Milli Vanilli,period,0
Milli Vanilli,person,0
Milli Vanilli,top,0
Mini bus 💙,artist,0
Mini bus 💙,context,1
Mini bus 💙,event,0
Mini bus 💙,genre,0
Mini bus 💙,moment,0
Mini bus 💙,mood,0
Mini bus 💙,period,0
Mini bus 💙,person,0
Mini bus 💙,top,0
Mix 2000's Rock,artist,0
Mix 2000's Rock,context,0
Mix 2000's Rock,event,0
Mix 2000's Rock,genre,1
Mix 2000's Rock,moment,0
Mix 2000's Rock,mood,0
Mix 2000's Rock,period,1
Mix 2000's Rock,person,0
Mix 2000's Rock,top,0
Mix par G.Brassens J.Brel C.Nougaro C.Aznavour etc,artist,1
Mix par G.Brassens J.Brel C.Nougaro C.Aznavour etc,context,0
Mix par G.Brassens J.Brel C.Nougaro C.Aznavour etc,event,0
Mix par G.Brassens J.Brel C.Nougaro C.Aznavour etc,genre,0
Mix par G.Brassens J.Brel C.Nougaro C.Aznavour etc,moment,0
Mix par G.Brassens J.Brel C.Nougaro C.Aznavour etc,mood,0
Mix par G.Brassens J.Brel C.Nougaro C.Aznavour etc,period,0
Mix par G.Brassens J.Brel C.Nougaro C.Aznavour etc,person,0
Mix par G.Brassens J.Brel C.Nougaro C.Aznavour etc,top,0
Mole's 2020 soundtrack,artist,0
Mole's 2020 soundtrack,event,0
Mole's 2020 soundtrack,genre,0
Mole's 2020 soundtrack,mood,0
Mole's 2020 soundtrack,period,0
Mole's 2020 soundtrack,top,0
Mon TOP deezer SEPTEMBRE 2021,artist,0
Mon TOP deezer SEPTEMBRE 2021,context,0
Mon TOP deezer SEPTEMBRE 2021,event,0
Mon TOP deezer SEPTEMBRE 2021,genre,0
Mon TOP deezer SEPTEMBRE 2021,moment,1
Mon TOP deezer SEPTEMBRE 2021,mood,0
Mon TOP deezer SEPTEMBRE 2021,period,0
Mon TOP deezer SEPTEMBRE 2021,person,0
Mon TOP deezer SEPTEMBRE 2021,top,1
Mon Top de Janvier 2022,artist,0
Mon Top de Janvier 2022,context,0
Mon Top de Janvier 2022,event,0
Mon Top de Janvier 2022,genre,0
Mon Top de Janvier 2022,moment,1
Mon Top de Janvier 2022,mood,0
Mon Top de Janvier 2022,period,0
Mon Top de Janvier 2022,person,0
Mon Top de Janvier 2022,top,1
Mon côté babos,artist,0
Mon côté babos,context,0
Mon côté babos,event,0
Mon côté babos,genre,0
Mon côté babos,period,0
Mon côté babos,person,0
Mon côté babos,top,0
Monsta x,artist,1
Monsta x,context,0
Monsta x,event,0
Monsta x,genre,0
Monsta x,moment,0
Monsta x,mood,0
Monsta x,period,0
Monsta x,person,0
Monsta x,top,0
Mood ~,artist,0
Mood ~,context,0
Mood ~,event,0
Mood ~,genre,0
Mood ~,moment,0
Mood ~,mood,1
Mood ~,period,0
Mood ~,person,0
Mood ~,top,0
Morivaine,artist,0
Morivaine,context,0
Morivaine,event,0
Morivaine,genre,0
Morivaine,moment,0
Morivaine,mood,0
Morivaine,period,0
Morivaine,person,0
Morivaine,top,0
Motivation 👟,artist,0
Motivation 👟,event,0
Motivation 👟,genre,0
Motivation 👟,moment,0
Motivation 👟,mood,1
Motivation 👟,period,0
Motivation 👟,person,0
Motivation 👟,top,0
Moustaki,artist,1
Moustaki,context,0
Moustaki,event,0
Moustaki,genre,0
Moustaki,moment,0
Moustaki,mood,0
Moustaki,period,0
Moustaki,person,0
Moustaki,top,0
Mp3 tah l'époque,artist,0
Mp3 tah l'époque,context,0
Mp3 tah l'époque,event,0
Mp3 tah l'époque,genre,0
Mp3 tah l'époque,mood,0
Mp3 tah l'époque,period,0
Mp3 tah l'époque,person,0
Mp3 tah l'époque,top,0
Musculation,artist,0
Musculation,context,1
Musculation,event,0
Musculation,genre,0
Musculation,moment,0
Musculation,mood,0
Musculation,period,0
Musculation,person,0
Musculation,top,0
Muse eurockeennes 2022,context,0
Muse eurockeennes 2022,genre,0
Muse eurockeennes 2022,moment,0
Muse eurockeennes 2022,mood,0
Muse eurockeennes 2022,period,0
Muse eurockeennes 2022,person,0
Muse eurockeennes 2022,top,0
Musicals!!,artist,0
Musicals!!,context,0
Musicals!!,event,0
Musicals!!,genre,1
Musicals!!,moment,0
Musicals!!,mood,0
Musicals!!,period,0
Musicals!!,person,0
Musicals!!,top,0
Musique De Films,artist,0
Musique De Films,context,0
Musique De Films,event,0
Musique De Films,genre,1
Musique De Films,moment,0
Musique De Films,mood,0
Musique De Films,period,0
Musique De Films,person,0
Musique De Films,top,0
Musique Enfants,artist,0
Musique Enfants,context,0
Musique Enfants,event,0
Musique Enfants,genre,1
Musique Enfants,moment,0
Musique Enfants,mood,0
Musique Enfants,period,0
Musique Enfants,top,0
Musique Mp3,artist,0
Musique Mp3,context,0
Musique Mp3,event,0
Musique Mp3,genre,0
Musique Mp3,mood,0
Musique Mp3,period,0
Musique Mp3,person,0
Musique Mp3,top,0
Musique bien,artist,0
Musique bien,context,0
Musique bien,event,0
Musique bien,genre,0
Musique bien,moment,0
Musique bien,mood,0
Musique bien,period,0
Musique bien,person,0
Musique bien,top,1
Musique motivation 💪🏻💪🏻💪🏻,artist,0
Musique motivation 💪🏻💪🏻💪🏻,event,0
Musique motivation 💪🏻💪🏻💪🏻,genre,0
Musique motivation 💪🏻💪🏻💪🏻,moment,0
Musique motivation 💪🏻💪🏻💪🏻,mood,1
Musique motivation 💪🏻💪🏻💪🏻,period,0
Musique motivation 💪🏻💪🏻💪🏻,person,0
Musique motivation 💪🏻💪🏻💪🏻,top,0
Musiques Celtiques 2,artist,0
Musiques Celtiques 2,context,0
Musiques Celtiques 2,event,0
Musiques Celtiques 2,genre,1
Musiques Celtiques 2,moment,0
Musiques Celtiques 2,mood,0
Musiques Celtiques 2,period,0
Musiques Celtiques 2,person,0
Musiques Celtiques 2,top,0
Musiques du monde - Brésil,artist,0
Musiques du monde - Brésil,context,0
Musiques du monde - Brésil,event,0
Musiques du monde - Brésil,genre,1
Musiques du monde - Brésil,moment,0
Musiques du monde - Brésil,mood,0
Musiques du monde - Brésil,period,0
Musiques du monde - Brésil,person,0
Musiques du monde - Brésil,top,0
My very best of INDOCHINE,artist,1
My very best of INDOCHINE,context,0
My very best of INDOCHINE,event,0
My very best of INDOCHINE,genre,0
My very best of INDOCHINE,moment,0
My very best of INDOCHINE,mood,0
My very best of INDOCHINE,period,0
My very best of INDOCHINE,person,0
My2022,artist,0
My2022,context,0
My2022,event,0
My2022,genre,0
My2022,moment,1
My2022,mood,0
My2022,period,0
My2022,person,0
MyAlter,artist,0
MyAlter,context,0
MyAlter,event,0
MyAlter,moment,0
MyAlter,mood,0
MyAlter,period,0
MyAlter,person,0
Måneskin 🤍,artist,1
Måneskin 🤍,context,0
Måneskin 🤍,event,0
Måneskin 🤍,genre,0
Måneskin 🤍,moment,0
Måneskin 🤍,mood,0
Måneskin 🤍,period,0
Måneskin 🤍,person,0
Måneskin 🤍,top,0
NI 💥,context,0
NI 💥,event,0
NI 💥,genre,0
NI 💥,moment,0
NI 💥,mood,0
NI 💥,period,0
NI 💥,person,0
NI 💥,top,0
NOW VIBES 11/2021,artist,0
NOW VIBES 11/2021,context,0
NOW VIBES 11/2021,event,0
NOW VIBES 11/2021,genre,0
NOW VIBES 11/2021,moment,1
NOW VIBES 11/2021,period,0
NOW VIBES 11/2021,person,0
NOW VIBES 11/2021,top,0
NRV - 🧢,artist,0
NRV - 🧢,context,0
NRV - 🧢,event,0
NRV - 🧢,genre,0
NRV - 🧢,moment,0
NRV - 🧢,mood,1
NRV - 🧢,period,0
NRV - 🧢,person,0
NRV - 🧢,top,0
Neil YOUNG,artist,1
Neil YOUNG,context,0
Neil YOUNG,event,0
Neil YOUNG,genre,0
Neil YOUNG,moment,0
Neil YOUNG,mood,0
Neil YOUNG,period,0
Neil YOUNG,person,0
Neil YOUNG,top,0
Nenette Love Slows,artist,0
Nenette Love Slows,context,0
Nenette Love Slows,event,0
Nenette Love Slows,moment,0
Nenette Love Slows,mood,0
Nenette Love Slows,period,0
Nenette Love Slows,person,1
Nenette Love Slows,top,0
Never Mind School/Let's Rock  (Rentrée 2017),artist,0
Never Mind School/Let's Rock  (Rentrée 2017),context,0
Never Mind School/Let's Rock  (Rentrée 2017),genre,1
Never Mind School/Let's Rock  (Rentrée 2017),period,0
Never Mind School/Let's Rock  (Rentrée 2017),person,0
Never Mind School/Let's Rock  (Rentrée 2017),top,0
New DANCE!!!!,artist,0
New DANCE!!!!,context,1
New DANCE!!!!,event,0
New DANCE!!!!,moment,0
New DANCE!!!!,mood,0
New DANCE!!!!,period,0
New DANCE!!!!,person,0
New DANCE!!!!,top,0
Nike ta mère,context,0
Nike ta mère,event,0
Nike ta mère,moment,0
Nike ta mère,period,0
Nike ta mère,person,0
Nike ta mère,top,0
Nine inch nails closer,artist,1
Nine inch nails closer,context,0
Nine inch nails closer,event,0
Nine inch nails closer,genre,0
Nine inch nails closer,moment,0
Nine inch nails closer,mood,0
Nine inch nails closer,period,0
Nine inch nails closer,person,0
Nine inch nails closer,top,0
Ninho💥,artist,1
Ninho💥,context,0
Ninho💥,event,0
Ninho💥,genre,0
Ninho💥,moment,0
Ninho💥,mood,0
Ninho💥,period,0
Ninho💥,person,0
Ninho💥,top,0
Niska sa,artist,1
Niska sa,context,0
Niska sa,event,0
Niska sa,genre,0
Niska sa,moment,0
Niska sa,mood,0
Niska sa,period,0
Niska sa,person,0
Niska sa,top,0
Noa kirel,artist,1
Noa kirel,context,0
Noa kirel,event,0
Noa kirel,genre,0
Noa kirel,moment,0
Noa kirel,mood,0
Noa kirel,period,0
Noa kirel,person,0
Noa kirel,top,0
Noize Annoyz Spring 2018,context,0
Noize Annoyz Spring 2018,event,0
Noize Annoyz Spring 2018,genre,0
Noize Annoyz Spring 2018,moment,1
Noize Annoyz Spring 2018,mood,0
Noize Annoyz Spring 2018,period,0
Noize Annoyz Spring 2018,person,0
Noize Annoyz Spring 2018,top,0
Nous ...,artist,0
Nous ...,context,0
Nous ...,event,0
Nous ...,genre,0
Nous ...,moment,0
Nous ...,mood,0
Nous ...,period,0
Nous ...,person,1
Nous ...,top,0
Nvl an,artist,0
Nvl an,context,0
Nvl an,genre,0
Nvl an,moment,0
Nvl an,mood,0
Nvl an,period,0
Nvl an,person,0
Nvl an,top,0
OBOY - Omega,artist,1
OBOY - Omega,context,0
OBOY - Omega,event,0
OBOY - Omega,genre,0
OBOY - Omega,moment,0
OBOY - Omega,mood,0
OBOY - Omega,period,0
OBOY - Omega,person,0
OBOY - Omega,top,0
OHPE 2019,context,0
OHPE 2019,event,0
OHPE 2019,genre,0
OHPE 2019,moment,1
OHPE 2019,mood,0
OHPE 2019,period,0
OHPE 2019,person,0
OHPE 2019,top,0
OK ! C'est du Blues,artist,0
OK ! C'est du Blues,context,0
OK ! C'est du Blues,event,0
OK ! C'est du Blues,genre,1
OK ! C'est du Blues,moment,0
OK ! C'est du Blues,mood,0
OK ! C'est du Blues,period,0
OK ! C'est du Blues,person,0
OK ! C'est du Blues,top,0
OLDFIELD Mike 1973 Tubular Bells,artist,1
OLDFIELD Mike 1973 Tubular Bells,context,0
OLDFIELD Mike 1973 Tubular Bells,event,0
OLDFIELD Mike 1973 Tubular Bells,genre,0
OLDFIELD Mike 1973 Tubular Bells,moment,0
OLDFIELD Mike 1973 Tubular Bells,mood,0
OLDFIELD Mike 1973 Tubular Bells,period,0
OLDFIELD Mike 1973 Tubular Bells,person,0
OLDFIELD Mike 1973 Tubular Bells,top,0
ORIGINAL SAMPLE,artist,0
ORIGINAL SAMPLE,context,0
ORIGINAL SAMPLE,event,0
ORIGINAL SAMPLE,moment,0
ORIGINAL SAMPLE,mood,0
ORIGINAL SAMPLE,period,0
ORIGINAL SAMPLE,person,0
ORIGINAL SAMPLE,top,0
OST,artist,0
OST,context,0
OST,event,0
OST,genre,1
OST,moment,0
OST,mood,0
OST,period,0
OST,person,0
OST,top,0
Offsprings concert 2023,artist,1
Offsprings concert 2023,context,0
Offsprings concert 2023,event,1
Offsprings concert 2023,genre,0
Offsprings concert 2023,mood,0
Offsprings concert 2023,period,0
Offsprings concert 2023,person,0
Offsprings concert 2023,top,0
Oil Carter,artist,1
Oil Carter,context,0
Oil Carter,event,0
Oil Carter,genre,0
Oil Carter,moment,0
Oil Carter,mood,0
Oil Carter,period,0
Oil Carter,person,0
Oil Carter,top,0
Old Pop,artist,0
Old Pop,context,0
Old Pop,event,0
Old Pop,genre,1
Old Pop,moment,0
Old Pop,mood,0
Old Pop,period,1
Old Pop,person,0
Old Pop,top,0
Olympia 1973 - Maxime Le Forestier,artist,1
Olympia 1973 - Maxime Le Forestier,context,0
Olympia 1973 - Maxime Le Forestier,genre,0
Olympia 1973 - Maxime Le Forestier,moment,0
Olympia 1973 - Maxime Le Forestier,mood,0
Olympia 1973 - Maxime Le Forestier,period,0
Olympia 1973 - Maxime Le Forestier,person,0
Olympia 1973 - Maxime Le Forestier,top,0
Orange,context,0
Orange,event,0
Orange,genre,0
Orange,moment,0
Orange,mood,0
Orange,period,0
Orange,person,0
Orange,top,0
Orelsan les bests,artist,1
Orelsan les bests,context,0
Orelsan les bests,event,0
Orelsan les bests,genre,0
Orelsan les bests,moment,0
Orelsan les bests,mood,0
Orelsan les bests,period,0
Orelsan les bests,person,0
Orelsan les bests,top,1
P.O.D,artist,1
P.O.D,context,0
P.O.D,event,0
P.O.D,genre,0
P.O.D,moment,0
P.O.D,mood,0
P.O.D,period,0
P.O.D,person,0
P.O.D,top,0
PAIN,artist,0
PAIN,context,0
PAIN,event,0
PAIN,genre,0
PAIN,moment,0
PAIN,mood,1
PAIN,period,0
PAIN,person,0
PAIN,top,0
PATRICK RONDAT,artist,1
PATRICK RONDAT,context,0
PATRICK RONDAT,event,0
PATRICK RONDAT,genre,0
PATRICK RONDAT,moment,0
PATRICK RONDAT,mood,0
PATRICK RONDAT,period,0
PATRICK RONDAT,person,0
PATRICK RONDAT,top,0
PL du 29 dec 2012,artist,0
PL du 29 dec 2012,context,0
PL du 29 dec 2012,event,1
PL du 29 dec 2012,genre,0
PL du 29 dec 2012,moment,0
PL du 29 dec 2012,mood,0
PL du 29 dec 2012,period,0
PL du 29 dec 2012,person,0
PL du 29 dec 2012,top,0
PLANET 07 iles,artist,0
PLANET 07 iles,context,0
PLANET 07 iles,event,0
PLANET 07 iles,genre,0
PLANET 07 iles,moment,0
PLANET 07 iles,mood,0
PLANET 07 iles,period,0
PLANET 07 iles,person,0
PLANET 07 iles,top,0
PLAY 1,artist,0
PLAY 1,context,0
PLAY 1,event,0
PLAY 1,genre,0
PLAY 1,moment,0
PLAY 1,mood,0
PLAY 1,period,0
PLAY 1,person,0
PNL 💎,artist,1
PNL 💎,context,0
PNL 💎,event,0
PNL 💎,genre,0
PNL 💎,moment,0
PNL 💎,mood,0
PNL 💎,period,0
PNL 💎,person,0
PNL 💎,top,0
Pakita,artist,1
Pakita,context,0
Pakita,event,0
Pakita,genre,0
Pakita,moment,0
Pakita,mood,0
Pakita,period,0
Pakita,person,0
Pakita,top,0
Panic At The Disco,context,0
Panic At The Disco,event,0
Panic At The Disco,moment,0
Panic At The Disco,mood,0
Panic At The Disco,period,0
Panic At The Disco,person,0
Panic At The Disco,top,0
Papy blues,context,0
Papy blues,event,0
Papy blues,moment,0
Papy blues,mood,0
Papy blues,period,0
Papy blues,person,0
Papy blues,top,0
Paris 36,artist,0
Paris 36,context,0
Paris 36,event,0
Paris 36,moment,0
Paris 36,mood,0
Paris 36,period,0
Paris 36,person,0
Paris 36,top,0
Pascale picard,context,0
Pascale picard,event,0
Pascale picard,genre,0
Pascale picard,moment,0
Pascale picard,mood,0
Pascale picard,period,0
Pascale picard,top,0
Patrick hernandez,artist,1
Patrick hernandez,context,0
Patrick hernandez,event,0
Patrick hernandez,genre,0
Patrick hernandez,moment,0
Patrick hernandez,mood,0
Patrick hernandez,period,0
Patrick hernandez,person,0
Patrick hernandez,top,0
Pentatonix,artist,1
Pentatonix,context,0
Pentatonix,event,0
Pentatonix,genre,0
Pentatonix,moment,0
Pentatonix,mood,0
Pentatonix,period,0
Pentatonix,person,0
Pentatonix,top,0
Peter Tosh,artist,1
Peter Tosh,context,0
Peter Tosh,event,0
Peter Tosh,genre,0
Peter Tosh,moment,0
Peter Tosh,mood,0
Peter Tosh,period,0
Peter Tosh,person,0
Peter Tosh,top,0
Petit miel sucré caramélisé a l’ancienne,artist,0
Petit miel sucré caramélisé a l’ancienne,context,0
Petit miel sucré caramélisé a l’ancienne,event,0
Petit miel sucré caramélisé a l’ancienne,genre,0
Petit miel sucré caramélisé a l’ancienne,moment,0
Petit miel sucré caramélisé a l’ancienne,mood,1
Petit miel sucré caramélisé a l’ancienne,person,0
Philarmonie,artist,0
Philarmonie,context,0
Philarmonie,moment,0
Philarmonie,mood,0
Philarmonie,period,0
Philarmonie,person,0
Philarmonie,top,0
Phillips2000,artist,0
Phillips2000,context,0
Phillips2000,event,0
Phillips2000,genre,0
Phillips2000,moment,1
Phillips2000,mood,0
Phillips2000,period,0
Phillips2000,top,0
Phrases enfants Epikoi enkor,artist,0
Phrases enfants Epikoi enkor,context,0
Phrases enfants Epikoi enkor,event,0
Phrases enfants Epikoi enkor,genre,0
Phrases enfants Epikoi enkor,moment,0
Phrases enfants Epikoi enkor,mood,0
Phrases enfants Epikoi enkor,period,0
Phrases enfants Epikoi enkor,top,0
Piano 4 Mains,artist,0
Piano 4 Mains,event,0
Piano 4 Mains,genre,1
Piano 4 Mains,moment,0
Piano 4 Mains,mood,0
Piano 4 Mains,period,0
Piano 4 Mains,person,0
Piano 4 Mains,top,0
Piano Jazz,artist,0
Piano Jazz,context,0
Piano Jazz,event,0
Piano Jazz,genre,1
Piano Jazz,moment,0
Piano Jazz,mood,0
Piano Jazz,period,0
Piano Jazz,person,0
Piano Jazz,top,0
Pictures at an Exhibition (Bernstein),artist,1
Pictures at an Exhibition (Bernstein),context,0
Pictures at an Exhibition (Bernstein),event,0
Pictures at an Exhibition (Bernstein),genre,0
Pictures at an Exhibition (Bernstein),moment,0
Pictures at an Exhibition (Bernstein),mood,0
Pictures at an Exhibition (Bernstein),period,0
Pictures at an Exhibition (Bernstein),person,0
Pictures at an Exhibition (Bernstein),top,0
Pierrick Cold Mix,artist,0
Pierrick Cold Mix,context,0
Pierrick Cold Mix,event,0
Pierrick Cold Mix,genre,0
Pierrick Cold Mix,moment,0
Pierrick Cold Mix,mood,0
Pierrick Cold Mix,period,0
Pierrick Cold Mix,person,1
Pierrick Cold Mix,top,0
Pierrick Instant Mix,artist,0
Pierrick Instant Mix,context,0
Pierrick Instant Mix,event,0
Pierrick Instant Mix,genre,0
Pierrick Instant Mix,moment,0
Pierrick Instant Mix,mood,0
Pierrick Instant Mix,period,0
Pierrick Instant Mix,person,1
Pierrick Instant Mix,top,0
Pignato 2,artist,0
Pignato 2,context,0
Pignato 2,event,0
Pignato 2,genre,0
Pignato 2,moment,0
Pignato 2,mood,0
Pignato 2,period,0
Pignato 2,person,0
Pignato 2,top,0
Pilouzic2023,artist,0
Pilouzic2023,context,0
Pilouzic2023,genre,0
Pilouzic2023,moment,0
Pilouzic2023,mood,0
Pilouzic2023,period,0
Pilouzic2023,person,0
Pilouzic2023,top,0
Plaisir,artist,0
Plaisir,context,0
Plaisir,event,0
Plaisir,genre,0
Plaisir,moment,0
Plaisir,mood,1
Plaisir,period,0
Plaisir,person,0
Plaisir,top,0
Play 5,artist,0
Play 5,context,0
Play 5,event,0
Play 5,genre,0
Play 5,moment,0
Play 5,mood,0
Play 5,period,0
Play 5,person,0
Playlist 50 ans 🎉🍾,artist,0
Playlist 50 ans 🎉🍾,context,0
Playlist 50 ans 🎉🍾,event,1
Playlist 50 ans 🎉🍾,genre,0
Playlist 50 ans 🎉🍾,moment,0
Playlist 50 ans 🎉🍾,mood,0
Playlist 50 ans 🎉🍾,period,0
Playlist 50 ans 🎉🍾,person,0
Playlist 50 ans 🎉🍾,top,0
Playlist ete 2022,artist,0
Playlist ete 2022,context,0
Playlist ete 2022,event,0
Playlist ete 2022,genre,0
Playlist ete 2022,moment,1
Playlist ete 2022,mood,0
Playlist ete 2022,period,0
Playlist ete 2022,person,0
Playlist ete 2022,top,0
Podcasts Anglais,artist,0
Podcasts Anglais,context,0
Podcasts Anglais,event,0
Podcasts Anglais,moment,0
Podcasts Anglais,mood,0
Podcasts Anglais,period,0
Podcasts Anglais,person,0
Podcasts Anglais,top,0
Pop douce pour travailler,artist,0
Pop douce pour travailler,context,1
Pop douce pour travailler,event,0
Pop douce pour travailler,genre,1
Pop douce pour travailler,moment,0
Pop douce pour travailler,period,0
Pop douce pour travailler,person,0
Pop douce pour travailler,top,0
Poupies,context,0
Poupies,event,0
Poupies,genre,0
Poupies,moment,0
Poupies,mood,0
Poupies,period,0
Poupies,person,0
Poupies,top,0
Pour Mix,artist,0
Pour Mix,event,0
Pour Mix,genre,0
Pour Mix,moment,0
Pour Mix,mood,0
Pour Mix,period,0
Pour Mix,person,0
Pour Mix,top,0
Pour mes 50 ans,artist,0
Pour mes 50 ans,context,0
Pour mes 50 ans,event,1
Pour mes 50 ans,genre,0
Pour mes 50 ans,moment,0
Pour mes 50 ans,mood,0
Pour mes 50 ans,period,0
Pour mes 50 ans,person,0
Pour mes 50 ans,top,0
Pour s'endormir,artist,0
Pour s'endormir,context,1
Pour s'endormir,event,0
Pour s'endormir,genre,0
Pour s'endormir,moment,0
Pour s'endormir,mood,0
Pour s'endormir,period,0
Pour s'endormir,person,0
Pour s'endormir,top,0
Prince,artist,1
Prince,context,0
Prince,event,0
Prince,genre,0
Prince,moment,0
Prince,mood,0
Prince,period,0
Prince,person,0
Prince,top,0
Projet Gym,artist,0
Projet Gym,context,1
Projet Gym,event,0
Projet Gym,genre,0
Projet Gym,moment,0
Projet Gym,mood,0
Projet Gym,period,0
Projet Gym,person,0
Projet Gym,top,0
Projet ML,artist,0
Projet ML,genre,0
Projet ML,moment,0
Projet ML,mood,0
Projet ML,period,0
Projet ML,person,0
Projet ML,top,0
Punk français,artist,0
Punk français,context,0
Punk français,event,0
Punk français,genre,1
Punk français,moment,0
Punk français,mood,0
Punk français,period,0
Punk français,person,0
Punk français,top,0
Queen Mimosa 3/Apoplexie,artist,1
Queen Mimosa 3/Apoplexie,context,0
Queen Mimosa 3/Apoplexie,event,0
Queen Mimosa 3/Apoplexie,genre,0
Queen Mimosa 3/Apoplexie,moment,0
Queen Mimosa 3/Apoplexie,mood,0
Queen Mimosa 3/Apoplexie,period,0
Queen Mimosa 3/Apoplexie,person,0
Queen Mimosa 3/Apoplexie,top,0
Queens of the Stone Age,artist,1
Queens of the Stone Age,context,0
Queens of the Stone Age,event,0
Queens of the Stone Age,genre,0
Queens of the Stone Age,moment,0
Queens of the Stone Age,mood,0
Queens of the Stone Age,period,0
Queens of the Stone Age,person,0
Queens of the Stone Age,top,0
Quiet Hours,artist,0
Quiet Hours,context,1
Quiet Hours,event,0
Quiet Hours,genre,0
Quiet Hours,moment,0
Quiet Hours,period,0
Quiet Hours,person,0
Quiet Hours,top,0
R & Bi,artist,0
R & Bi,context,0
R & Bi,event,0
R & Bi,genre,1
R & Bi,moment,0
R & Bi,mood,0
R & Bi,period,0
R & Bi,person,0
R & Bi,top,0
R & C,artist,0
R & C,context,0
R & C,event,0
R & C,genre,0
R & C,moment,0
R & C,mood,0
R & C,period,0
R & C,person,0
R & C,top,0
R -JOUR DE TARTIFLETTE,artist,0
R -JOUR DE TARTIFLETTE,event,1
R -JOUR DE TARTIFLETTE,genre,0
R -JOUR DE TARTIFLETTE,moment,0
R -JOUR DE TARTIFLETTE,mood,0
R -JOUR DE TARTIFLETTE,period,0
R -JOUR DE TARTIFLETTE,person,0
R -JOUR DE TARTIFLETTE,top,0
RAFAEL,artist,0
RAFAEL,context,0
RAFAEL,event,0
RAFAEL,genre,0
RAFAEL,moment,0
RAFAEL,mood,0
RAFAEL,period,0
RAFAEL,person,1
RAFAEL,top,0
RAP US !,artist,0
RAP US !,context,0
RAP US !,event,0
RAP US !,genre,1
RAP US !,moment,0
RAP US !,mood,0
RAP US !,period,0
RAP US !,person,0
RAP US !,top,0
RAP-FUSION,artist,0
RAP-FUSION,context,0
RAP-FUSION,event,0
RAP-FUSION,genre,1
RAP-FUSION,moment,0
RAP-FUSION,mood,0
RAP-FUSION,period,0
RAP-FUSION,person,0
RAP-FUSION,top,0
ROLLER dance G-SLIDE,artist,0
ROLLER dance G-SLIDE,context,1
ROLLER dance G-SLIDE,event,0
ROLLER dance G-SLIDE,genre,0
ROLLER dance G-SLIDE,moment,0
ROLLER dance G-SLIDE,mood,0
ROLLER dance G-SLIDE,period,0
ROLLER dance G-SLIDE,person,0
ROLLER dance G-SLIDE,top,0
RYTHMO 35   House,artist,0
RYTHMO 35   House,context,0
RYTHMO 35   House,event,0
RYTHMO 35   House,genre,1
RYTHMO 35   House,moment,0
RYTHMO 35   House,mood,0
RYTHMO 35   House,period,0
RYTHMO 35   House,person,0
RYTHMO 35   House,top,0
Rap & Rnb,artist,0
Rap & Rnb,context,0
Rap & Rnb,event,0
Rap & Rnb,genre,1
Rap & Rnb,moment,0
Rap & Rnb,mood,0
Rap & Rnb,period,0
Rap & Rnb,person,0
Rap & Rnb,top,0
Rap 00's,artist,0
Rap 00's,context,0
Rap 00's,event,0
Rap 00's,genre,1
Rap 00's,moment,0
Rap 00's,mood,0
Rap 00's,period,1
Rap 00's,person,0
Rap 00's,top,0
Rap US old school,artist,0
Rap US old school,context,0
Rap US old school,event,0
Rap US old school,genre,1
Rap US old school,moment,0
Rap US old school,mood,0
Rap US old school,period,1
Rap US old school,person,0
Rap US old school,top,0
Rap 🤙🏼,artist,0
Rap 🤙🏼,context,0
Rap 🤙🏼,event,0
Rap 🤙🏼,genre,1
Rap 🤙🏼,moment,0
Rap 🤙🏼,mood,0
Rap 🤙🏼,period,0
Rap 🤙🏼,person,0
Rap 🤙🏼,top,0
Rap/R'n'B,artist,0
Rap/R'n'B,context,0
Rap/R'n'B,event,0
Rap/R'n'B,genre,1
Rap/R'n'B,moment,0
Rap/R'n'B,mood,0
Rap/R'n'B,period,0
Rap/R'n'B,person,0
Rap/R'n'B,top,0
Raphael Saadiq,artist,1
Raphael Saadiq,context,0
Raphael Saadiq,event,0
Raphael Saadiq,genre,0
Raphael Saadiq,moment,0
Raphael Saadiq,mood,0
Raphael Saadiq,period,0
Raphael Saadiq,person,0
Raphael Saadiq,top,0
Red Hot Chili Peppers,artist,1
Red Hot Chili Peppers,context,0
Red Hot Chili Peppers,event,0
Red Hot Chili Peppers,genre,0
Red Hot Chili Peppers,moment,0
Red Hot Chili Peppers,mood,0
Red Hot Chili Peppers,period,0
Red Hot Chili Peppers,person,0
Red Hot Chili Peppers,top,0
Regaeton,artist,0
Regaeton,context,0
Regaeton,event,0
Regaeton,genre,1
Regaeton,moment,0
Regaeton,mood,0
Regaeton,period,0
Regaeton,person,0
Regaeton,top,0
Relaxing,artist,0
Relaxing,event,0
Relaxing,genre,0
Relaxing,moment,0
Relaxing,period,0
Relaxing,person,0
Relaxing,top,0
Rem,artist,1
Rem,context,0
Rem,event,0
Rem,genre,0
Rem,moment,0
Rem,mood,0
Rem,period,0
Rem,person,0
Rem,top,0
Repas Chocolat,artist,0
Repas Chocolat,context,0
Repas Chocolat,genre,0
Repas Chocolat,moment,0
Repas Chocolat,mood,0
Repas Chocolat,period,0
Repas Chocolat,person,0
Repas Chocolat,top,0
Respire,artist,0
Respire,context,0
Respire,event,0
Respire,genre,0
Respire,moment,0
Respire,mood,1
Respire,period,0
Respire,person,0
Respire,top,0
Richard WAGNER - Tétralogie,artist,1
Richard WAGNER - Tétralogie,context,0
Richard WAGNER - Tétralogie,event,0
Richard WAGNER - Tétralogie,genre,0
Richard WAGNER - Tétralogie,moment,0
Richard WAGNER - Tétralogie,mood,0
Richard WAGNER - Tétralogie,period,0
Richard WAGNER - Tétralogie,person,0
Richard WAGNER - Tétralogie,top,0
Road to sunny,artist,0
Road to sunny,event,0
Road to sunny,genre,0
Road to sunny,moment,0
Road to sunny,mood,1
Road to sunny,period,0
Road to sunny,person,0
Road to sunny,top,0
Rock (newschool),artist,0
Rock (newschool),context,0
Rock (newschool),event,0
Rock (newschool),genre,1
Rock (newschool),moment,0
Rock (newschool),mood,0
Rock (newschool),person,0
Rock (newschool),top,0
Rock Chill,artist,0
Rock Chill,context,0
Rock Chill,event,0
Rock Chill,genre,1
Rock Chill,moment,0
Rock Chill,period,0
Rock Chill,person,0
Rock Chill,top,0
Rock alternatif,artist,0
Rock alternatif,context,0
Rock alternatif,event,0
Rock alternatif,genre,1
Rock alternatif,moment,0
Rock alternatif,mood,0
Rock alternatif,period,0
Rock alternatif,person,0
Rock alternatif,top,0
Rock de vioque,artist,0
Rock de vioque,context,0
Rock de vioque,event,0
Rock de vioque,genre,1
Rock de vioque,moment,0
Rock de vioque,mood,0
Rock de vioque,person,0
Rock de vioque,top,0
Rock en seine,artist,0
Rock en seine,context,0
Rock en seine,event,1
Rock en seine,genre,1
Rock en seine,moment,0
Rock en seine,mood,0
Rock en seine,period,0
Rock en seine,person,0
Rock en seine,top,0
Rock playlist,artist,0
Rock playlist,context,0
Rock playlist,event,0
Rock playlist,genre,1
Rock playlist,moment,0
Rock playlist,mood,0
Rock playlist,period,0
Rock playlist,person,0
Rock playlist,top,0
Rock pop,artist,0
Rock pop,context,0
Rock pop,event,0
Rock pop,genre,1
Rock pop,moment,0
Rock pop,mood,0
Rock pop,period,0
Rock pop,person,0
Rock pop,top,0
"Rock pour danser & Cie (salsa, danse en ligne...)",artist,0
"Rock pour danser & Cie (salsa, danse en ligne...)",context,1
"Rock pour danser & Cie (salsa, danse en ligne...)",event,0
"Rock pour danser & Cie (salsa, danse en ligne...)",genre,1
"Rock pour danser & Cie (salsa, danse en ligne...)",moment,0
"Rock pour danser & Cie (salsa, danse en ligne...)",mood,0
"Rock pour danser & Cie (salsa, danse en ligne...)",period,0
"Rock pour danser & Cie (salsa, danse en ligne...)",person,0
"Rock pour danser & Cie (salsa, danse en ligne...)",top,0
Rock 🍺,artist,0
Rock 🍺,event,0
Rock 🍺,genre,1
Rock 🍺,moment,0
Rock 🍺,mood,0
Rock 🍺,period,0
Rock 🍺,person,0
Rock 🍺,top,0
Rock!,artist,0
Rock!,context,0
Rock!,event,0
Rock!,genre,1
Rock!,moment,0
Rock!,mood,0
Rock!,period,0
Rock!,person,0
Rock!,top,0
"Rock, blues",artist,0
"Rock, blues",context,0
"Rock, blues",event,0
"Rock, blues",genre,1
"Rock, blues",moment,0
"Rock, blues",mood,0
"Rock, blues",period,0
"Rock, blues",person,0
"Rock, blues",top,0
Rock.1,artist,0
Rock.1,context,0
Rock.1,event,0
Rock.1,genre,1
Rock.1,moment,0
Rock.1,mood,0
Rock.1,period,0
Rock.1,person,0
Rock.1,top,0
Roline,artist,0
Roline,context,0
Roline,event,0
Roline,genre,0
Roline,moment,0
Roline,mood,0
Roline,period,0
Roline,top,0
Rolling baby!!,context,0
Rolling baby!!,event,0
Rolling baby!!,moment,0
Rolling baby!!,period,0
Rolling baby!!,person,0
Rolling baby!!,top,0
Roy ❤,artist,0
Roy ❤,context,0
Roy ❤,event,0
Roy ❤,genre,0
Roy ❤,moment,0
Roy ❤,mood,0
Roy ❤,period,0
Roy ❤,top,0
Running 58 min,artist,0
Running 58 min,context,1
Running 58 min,event,0
Running 58 min,genre,0
Running 58 min,moment,0
Running 58 min,mood,0
Running 58 min,period,0
Running 58 min,person,0
Running 58 min,top,0
"Running, cycling, sweating",artist,0
"Running, cycling, sweating",context,1
"Running, cycling, sweating",event,0
"Running, cycling, sweating",genre,0
"Running, cycling, sweating",moment,0
"Running, cycling, sweating",mood,0
"Running, cycling, sweating",period,0
"Running, cycling, sweating",person,0
"Running, cycling, sweating",top,0
S K-Hip Hop,artist,0
S K-Hip Hop,context,0
S K-Hip Hop,event,0
S K-Hip Hop,genre,1
S K-Hip Hop,moment,0
S K-Hip Hop,mood,0
S K-Hip Hop,period,0
S K-Hip Hop,person,0
S K-Hip Hop,top,0
S'entraîner à Chanter,artist,0
S'entraîner à Chanter,event,0
S'entraîner à Chanter,genre,0
S'entraîner à Chanter,moment,0
S'entraîner à Chanter,mood,0
S'entraîner à Chanter,period,0
S'entraîner à Chanter,person,0
S'entraîner à Chanter,top,0
SALOOOO,artist,0
SALOOOO,context,0
SALOOOO,event,0
SALOOOO,genre,0
SALOOOO,moment,0
SALOOOO,period,0
SALOOOO,person,0
SALOOOO,top,0
"SANDRA "" Reflections """,context,0
"SANDRA "" Reflections """,event,0
"SANDRA "" Reflections """,genre,0
"SANDRA "" Reflections """,moment,0
"SANDRA "" Reflections """,period,0
"SANDRA "" Reflections """,top,0
SEAT,artist,0
SEAT,context,0
SEAT,event,0
SEAT,genre,0
SEAT,moment,0
SEAT,mood,0
SEAT,period,0
SEAT,person,0
SEAT,top,0
SEVEN REIZH,artist,1
SEVEN REIZH,context,0
SEVEN REIZH,event,0
SEVEN REIZH,genre,0
SEVEN REIZH,moment,0
SEVEN REIZH,mood,0
SEVEN REIZH,period,0
SEVEN REIZH,person,0
SEVEN REIZH,top,0
SHATTA 🔥,artist,0
SHATTA 🔥,context,0
SHATTA 🔥,event,0
SHATTA 🔥,genre,1
SHATTA 🔥,moment,0
SHATTA 🔥,mood,0
SHATTA 🔥,period,0
SHATTA 🔥,person,0
SHATTA 🔥,top,0
SHOWER,artist,0
SHOWER,context,1
SHOWER,event,0
SHOWER,genre,0
SHOWER,moment,0
SHOWER,mood,0
SHOWER,period,0
SHOWER,person,0
SHOWER,top,0
SOPHIE evjf,artist,0
SOPHIE evjf,context,0
SOPHIE evjf,genre,0
SOPHIE evjf,moment,0
SOPHIE evjf,mood,0
SOPHIE evjf,period,0
SOPHIE evjf,person,1
SOPHIE evjf,top,0
STARTER 62,artist,0
STARTER 62,context,0
STARTER 62,genre,0
STARTER 62,moment,0
STARTER 62,mood,0
STARTER 62,period,0
STARTER 62,person,0
STARTER 62,top,0
SYNTH&TIC -- 80s en héritage,artist,0
SYNTH&TIC -- 80s en héritage,context,0
SYNTH&TIC -- 80s en héritage,event,0
SYNTH&TIC -- 80s en héritage,moment,0
SYNTH&TIC -- 80s en héritage,mood,0
SYNTH&TIC -- 80s en héritage,period,1
SYNTH&TIC -- 80s en héritage,person,0
SYNTH&TIC -- 80s en héritage,top,0
Saint Valentin 2023,artist,0
Saint Valentin 2023,context,0
Saint Valentin 2023,event,1
Saint Valentin 2023,genre,0
Saint Valentin 2023,moment,0
Saint Valentin 2023,mood,0
Saint Valentin 2023,period,0
Saint Valentin 2023,person,0
Saint Valentin 2023,top,0
Saint-Sylvestre-2016,artist,0
Saint-Sylvestre-2016,context,0
Saint-Sylvestre-2016,event,1
Saint-Sylvestre-2016,genre,0
Saint-Sylvestre-2016,moment,0
Saint-Sylvestre-2016,mood,0
Saint-Sylvestre-2016,period,0
Saint-Sylvestre-2016,person,0
Saint-Sylvestre-2016,top,0
Salim,context,0
Salim,event,0
Salim,genre,0
Salim,moment,0
Salim,mood,0
Salim,period,0
Salim,person,1
Salim,top,0
Salle de douche,artist,0
Salle de douche,context,1
Salle de douche,event,0
Salle de douche,genre,0
Salle de douche,moment,0
Salle de douche,mood,0
Salle de douche,period,0
Salle de douche,person,0
Salle de douche,top,0
Salsa 2019,artist,0
Salsa 2019,context,0
Salsa 2019,event,0
Salsa 2019,genre,1
Salsa 2019,moment,1
Salsa 2019,mood,0
Salsa 2019,period,0
Salsa 2019,person,0
Salsa 2019,top,0
Samia,context,0
Samia,event,0
Samia,genre,0
Samia,moment,0
Samia,mood,0
Samia,period,0
Samia,top,0
Sans voix...,artist,0
Sans voix...,context,0
Sans voix...,event,0
Sans voix...,moment,0
Sans voix...,mood,0
Sans voix...,period,0
Sans voix...,person,0
Say Nothing,artist,0
Say Nothing,context,0
Say Nothing,event,0
Say Nothing,genre,0
Say Nothing,moment,0
Say Nothing,period,0
Say Nothing,person,0
Say Nothing,top,0
Scott,artist,0
Scott,context,0
Scott,event,0
Scott,genre,0
Scott,moment,0
Scott,mood,0
Scott,period,0
Scott,top,0
Sea Shanties,artist,0
Sea Shanties,context,0
Sea Shanties,event,0
Sea Shanties,mood,0
Sea Shanties,period,0
Sea Shanties,person,0
Sea Shanties,top,0
Section de recherches,artist,1
Section de recherches,context,0
Section de recherches,event,0
Section de recherches,genre,0
Section de recherches,moment,0
Section de recherches,mood,0
Section de recherches,period,0
Section de recherches,person,0
Section de recherches,top,0
See You Again,context,0
See You Again,event,0
See You Again,genre,0
See You Again,moment,0
See You Again,mood,0
See You Again,period,0
See You Again,person,0
See You Again,top,0
Sejo,context,0
Sejo,event,0
Sejo,genre,0
Sejo,moment,0
Sejo,mood,0
Sejo,period,0
Sejo,top,0
Selec Jazz,artist,0
Selec Jazz,context,0
Selec Jazz,event,0
Selec Jazz,genre,1
Selec Jazz,moment,0
Selec Jazz,mood,0
Selec Jazz,period,0
Selec Jazz,person,0
Sentiments,artist,0
Sentiments,context,0
Sentiments,event,0
Sentiments,genre,0
Sentiments,moment,0
Sentiments,mood,1
Sentiments,period,0
Sentiments,person,0
Sentiments,top,0
Setlist Françoiz Breut ATBC 17 Nov 2022,artist,1
Setlist Françoiz Breut ATBC 17 Nov 2022,context,0
Setlist Françoiz Breut ATBC 17 Nov 2022,genre,0
Setlist Françoiz Breut ATBC 17 Nov 2022,moment,0
Setlist Françoiz Breut ATBC 17 Nov 2022,mood,0
Setlist Françoiz Breut ATBC 17 Nov 2022,period,0
Setlist Françoiz Breut ATBC 17 Nov 2022,person,0
Setlist Françoiz Breut ATBC 17 Nov 2022,top,0
Sex,artist,0
Sex,context,1
Sex,event,0
Sex,genre,0
Sex,moment,0
Sex,period,0
Sex,person,0
Sex,top,0
Shak,context,0
Shak,event,0
Shak,moment,0
Shak,mood,0
Shak,period,0
Shak,person,0
Shak,top,0
Shakira,artist,1
Shakira,context,0
Shakira,event,0
Shakira,genre,0
Shakira,moment,0
Shakira,mood,0
Shakira,period,0
Shakira,person,0
Shakira,top,0
Sidney Samson,artist,1
Sidney Samson,context,0
Sidney Samson,event,0
Sidney Samson,genre,0
Sidney Samson,moment,0
Sidney Samson,mood,0
Sidney Samson,period,0
Sidney Samson,person,0
Sidney Samson,top,0
Six,artist,0
Six,context,0
Six,event,0
Six,genre,0
Six,moment,0
Six,mood,0
Six,period,0
Six,person,0
Six,top,0
Sleeping Sheep,artist,0
Sleeping Sheep,event,0
Sleeping Sheep,genre,0
Sleeping Sheep,moment,0
Sleeping Sheep,mood,0
Sleeping Sheep,period,0
Sleeping Sheep,person,0
Sleeping Sheep,top,0
Slow Anniversaire Papa,artist,0
Slow Anniversaire Papa,context,0
Slow Anniversaire Papa,event,1
Slow Anniversaire Papa,moment,0
Slow Anniversaire Papa,mood,0
Slow Anniversaire Papa,period,0
Slow Anniversaire Papa,person,1
Slow Anniversaire Papa,top,0
Sofft,artist,0
Sofft,context,0
Sofft,event,0
Sofft,genre,0
Sofft,moment,0
Sofft,mood,1
Sofft,period,0
Sofft,person,0
Sofft,top,0
Sofia Carson,artist,1
Sofia Carson,context,0
Sofia Carson,event,0
Sofia Carson,genre,0
Sofia Carson,moment,0
Sofia Carson,mood,0
Sofia Carson,period,0
Sofia Carson,person,0
Sofia Carson,top,0
"Soirée 10ans de mariage - ambiance, fond sonore",artist,0
"Soirée 10ans de mariage - ambiance, fond sonore",context,0
"Soirée 10ans de mariage - ambiance, fond sonore",event,1
"Soirée 10ans de mariage - ambiance, fond sonore",genre,0
"Soirée 10ans de mariage - ambiance, fond sonore",moment,0
"Soirée 10ans de mariage - ambiance, fond sonore",mood,0
"Soirée 10ans de mariage - ambiance, fond sonore",period,0
"Soirée 10ans de mariage - ambiance, fond sonore",person,0
"Soirée 10ans de mariage - ambiance, fond sonore",top,0
Soirée 14/09,artist,0
Soirée 14/09,context,0
Soirée 14/09,event,1
Soirée 14/09,genre,0
Soirée 14/09,moment,0
Soirée 14/09,mood,0
Soirée 14/09,period,0
Soirée 14/09,person,0
Soirée 14/09,top,0
Soirée Aymeline,artist,0
Soirée Aymeline,context,0
Soirée Aymeline,event,1
Soirée Aymeline,genre,0
Soirée Aymeline,moment,0
Soirée Aymeline,mood,0
Soirée Aymeline,period,0
Soirée Aymeline,person,1
Soirée Aymeline,top,0
Soirée Dom,artist,0
Soirée Dom,context,0
Soirée Dom,event,1
Soirée Dom,genre,0
Soirée Dom,moment,0
Soirée Dom,mood,0
Soirée Dom,period,0
Soirée Dom,person,1
Soirée Dom,top,0
Soirée du 24 mai,artist,0
Soirée du 24 mai,context,0
Soirée du 24 mai,event,1
Soirée du 24 mai,genre,0
Soirée du 24 mai,moment,0
Soirée du 24 mai,mood,0
Soirée du 24 mai,period,0
Soirée du 24 mai,person,0
Soirée du 24 mai,top,0
Soirée🎉,artist,0
Soirée🎉,context,1
Soirée🎉,event,0
Soirée🎉,genre,0
Soirée🎉,moment,0
Soirée🎉,mood,0
Soirée🎉,period,0
Soirée🎉,person,0
Soirée🎉,top,0
"Some Classic, sir ?",artist,0
"Some Classic, sir ?",context,0
"Some Classic, sir ?",event,0
"Some Classic, sir ?",genre,1
"Some Classic, sir ?",moment,0
"Some Classic, sir ?",mood,0
"Some Classic, sir ?",period,0
"Some Classic, sir ?",person,0
"Some Classic, sir ?",top,0
Sons d'été 🏝,artist,0
Sons d'été 🏝,event,0
Sons d'été 🏝,genre,0
Sons d'été 🏝,period,0
Sons d'été 🏝,person,0
Sons d'été 🏝,top,0
Sons of Anarchy S03,context,0
Sons of Anarchy S03,event,0
Sons of Anarchy S03,moment,0
Sons of Anarchy S03,mood,0
Sons of Anarchy S03,period,0
Sons of Anarchy S03,person,0
Sons of Anarchy S03,top,0
"Sorry, I care..",artist,0
"Sorry, I care..",context,0
"Sorry, I care..",event,0
"Sorry, I care..",genre,0
"Sorry, I care..",moment,0
"Sorry, I care..",period,0
"Sorry, I care..",person,0
"Sorry, I care..",top,0
Soso madness,context,0
Soso madness,event,0
Soso madness,genre,0
Soso madness,moment,0
Soso madness,mood,0
Soso madness,period,0
Soso madness,person,0
Soso madness,top,0
Soul / Blues / Jazz,artist,0
Soul / Blues / Jazz,context,0
Soul / Blues / Jazz,event,0
Soul / Blues / Jazz,genre,1
Soul / Blues / Jazz,moment,0
Soul / Blues / Jazz,mood,0
Soul / Blues / Jazz,period,0
Soul / Blues / Jazz,person,0
Soul / Blues / Jazz,top,0
Souvenirs d’enfance,artist,0
Souvenirs d’enfance,context,0
Souvenirs d’enfance,event,0
Souvenirs d’enfance,genre,0
Souvenirs d’enfance,moment,1
Souvenirs d’enfance,period,0
Souvenirs d’enfance,person,0
Souvenirs d’enfance,top,0
Space,artist,0
Space,context,0
Space,event,0
Space,moment,0
Space,mood,0
Space,period,0
Space,person,0
Space,top,0
Spice Girls #GirlPower,artist,1
Spice Girls #GirlPower,context,0
Spice Girls #GirlPower,event,0
Spice Girls #GirlPower,genre,0
Spice Girls #GirlPower,moment,0
Spice Girls #GirlPower,period,0
Spice Girls #GirlPower,person,0
Spice Girls #GirlPower,top,0
Spiritualité 2,artist,0
Spiritualité 2,event,0
Spiritualité 2,genre,0
Spiritualité 2,moment,0
Spiritualité 2,mood,1
Spiritualité 2,period,0
Spiritualité 2,person,0
Spiritualité 2,top,0
St Martin 2015,artist,0
St Martin 2015,context,0
St Martin 2015,event,1
St Martin 2015,genre,0
St Martin 2015,mood,0
St Martin 2015,period,0
St Martin 2015,person,0
St Martin 2015,top,0
Stage Delft 2,artist,0
Stage Delft 2,context,0
Stage Delft 2,genre,0
Stage Delft 2,mood,0
Stage Delft 2,period,0
Stage Delft 2,person,0
Stage Delft 2,top,0
Stef,artist,0
Stef,context,0
Stef,event,0
Stef,genre,0
Stef,moment,0
Stef,mood,0
Stef,period,0
Stef,person,1
Stef,top,0
Stefano Olivato,artist,1
Stefano Olivato,context,0
Stefano Olivato,event,0
Stefano Olivato,genre,0
Stefano Olivato,moment,0
Stefano Olivato,mood,0
Stefano Olivato,period,0
Stefano Olivato,person,0
Stefano Olivato,top,0
Stranger Things,artist,1
Stranger Things,context,0
Stranger Things,event,0
Stranger Things,genre,0
Stranger Things,moment,0
Stranger Things,mood,0
Stranger Things,period,0
Stranger Things,person,0
Stranger Things,top,0
Stray kids,artist,1
Stray kids,context,0
Stray kids,event,0
Stray kids,genre,0
Stray kids,moment,0
Stray kids,mood,0
Stray kids,period,0
Stray kids,person,0
Stray kids,top,0
Style Bollywood,artist,0
Style Bollywood,context,0
Style Bollywood,event,0
Style Bollywood,genre,1
Style Bollywood,moment,0
Style Bollywood,mood,0
Style Bollywood,period,0
Style Bollywood,person,0
Style Bollywood,top,0
Sunday,artist,0
Sunday,context,1
Sunday,event,0
Sunday,genre,0
Sunday,moment,0
Sunday,period,0
Sunday,person,0
Sunday,top,0
Super Junior,context,0
Super Junior,event,0
Super Junior,genre,0
Super Junior,moment,0
Super Junior,mood,0
Super Junior,period,0
Super Junior,top,0
Surfaces - chill music,context,0
Surfaces - chill music,event,0
Surfaces - chill music,moment,0
Surfaces - chill music,period,0
Surfaces - chill music,person,0
Surfaces - chill music,top,0
Survival tips,artist,0
Survival tips,context,0
Survival tips,event,0
Survival tips,genre,0
Survival tips,moment,0
Survival tips,period,0
Survival tips,person,0
TO SHAKE AND MOVE,artist,0
TO SHAKE AND MOVE,event,0
TO SHAKE AND MOVE,genre,0
TO SHAKE AND MOVE,moment,0
TO SHAKE AND MOVE,period,0
TO SHAKE AND MOVE,person,0
TO SHAKE AND MOVE,top,0
TOP MARS,artist,0
TOP MARS,context,0
TOP MARS,event,0
TOP MARS,genre,0
TOP MARS,moment,1
TOP MARS,mood,0
TOP MARS,period,0
TOP MARS,person,0
TOP MARS,top,1
TOP ZZ Top,artist,1
TOP ZZ Top,context,0
TOP ZZ Top,event,0
TOP ZZ Top,genre,0
TOP ZZ Top,moment,0
TOP ZZ Top,mood,0
TOP ZZ Top,period,0
TOP ZZ Top,person,0
TSN,context,0
TSN,event,0
TSN,genre,0
TSN,moment,0
TSN,mood,0
TSN,period,0
TSN,person,0
TSN,top,0
Tango,artist,0
Tango,context,0
Tango,event,0
Tango,genre,1
Tango,moment,0
Tango,mood,0
Tango,period,0
Tango,person,0
Tango,top,0
Taytay,context,0
Taytay,event,0
Taytay,genre,0
Taytay,moment,0
Taytay,mood,0
Taytay,period,0
Taytay,top,0
Techno Cool,artist,0
Techno Cool,context,0
Techno Cool,event,0
Techno Cool,moment,0
Techno Cool,period,0
Techno Cool,person,0
Techno Cool,top,0
The Pirouettes,artist,1
The Pirouettes,context,0
The Pirouettes,event,0
The Pirouettes,genre,0
The Pirouettes,moment,0
The Pirouettes,mood,0
The Pirouettes,period,0
The Pirouettes,person,0
The Pirouettes,top,0
The offspring,artist,1
The offspring,context,0
The offspring,event,0
The offspring,genre,0
The offspring,moment,0
The offspring,mood,0
The offspring,period,0
The offspring,person,0
The offspring,top,0
The white stripes,artist,1
The white stripes,context,0
The white stripes,event,0
The white stripes,genre,0
The white stripes,moment,0
The white stripes,mood,0
The white stripes,period,0
The white stripes,person,0
The white stripes,top,0
Theo dessin animés,artist,0
Theo dessin animés,context,0
Theo dessin animés,event,0
Theo dessin animés,moment,0
Theo dessin animés,mood,0
Theo dessin animés,period,0
Theo dessin animés,person,1
Theo dessin animés,top,0
This Is System Of A Down,artist,1
This Is System Of A Down,context,0
This Is System Of A Down,event,0
This Is System Of A Down,genre,0
This Is System Of A Down,moment,0
This Is System Of A Down,mood,0
This Is System Of A Down,period,0
This Is System Of A Down,person,0
This Is System Of A Down,top,0
Thot $hit,context,0
Thot $hit,event,0
Thot $hit,genre,0
Thot $hit,moment,0
Thot $hit,mood,0
Thot $hit,period,0
Thot $hit,person,0
Time to rock that shit,artist,0
Time to rock that shit,context,0
Time to rock that shit,event,0
Time to rock that shit,genre,1
Time to rock that shit,moment,0
Time to rock that shit,mood,0
Time to rock that shit,period,0
Time to rock that shit,person,0
Time to rock that shit,top,0
Titres du moment,artist,0
Titres du moment,context,0
Titres du moment,event,0
Titres du moment,genre,0
Titres du moment,mood,0
Titres du moment,period,0
Titres du moment,person,0
Toi et Moi,artist,0
Toi et Moi,event,0
Toi et Moi,genre,0
Toi et Moi,moment,0
Toi et Moi,period,0
Toi et Moi,person,1
Toi et Moi,top,0
Tool,artist,1
Tool,context,0
Tool,event,0
Tool,genre,0
Tool,moment,0
Tool,mood,0
Tool,period,0
Tool,person,0
Tool,top,0
Tool Arena,context,0
Tool Arena,event,0
Tool Arena,genre,0
Tool Arena,moment,0
Tool Arena,mood,0
Tool Arena,period,0
Tool Arena,person,0
Tool Arena,top,0
Top 12.22,artist,0
Top 12.22,context,0
Top 12.22,event,0
Top 12.22,genre,0
Top 12.22,moment,1
Top 12.22,mood,0
Top 12.22,period,0
Top 12.22,person,0
Top 12.22,top,1
Top 1955,artist,0
Top 1955,context,0
Top 1955,event,0
Top 1955,genre,0
Top 1955,moment,0
Top 1955,mood,0
Top 1955,period,1
Top 1955,person,0
Top 2013,artist,0
Top 2013,context,0
Top 2013,event,0
Top 2013,genre,0
Top 2013,moment,1
Top 2013,mood,0
Top 2013,period,0
Top 2013,person,0
Top 2013,top,1
Top 50 - 30ème anniversaire,artist,0
Top 50 - 30ème anniversaire,context,0
Top 50 - 30ème anniversaire,genre,0
Top 50 - 30ème anniversaire,moment,0
Top 50 - 30ème anniversaire,mood,0
Top 50 - 30ème anniversaire,period,0
Top 50 - 30ème anniversaire,person,0
Top de Février 2022,artist,0
Top de Février 2022,context,0
Top de Février 2022,event,0
Top de Février 2022,genre,0
Top de Février 2022,moment,1
Top de Février 2022,mood,0
Top de Février 2022,period,0
Top de Février 2022,person,0
Top de Février 2022,top,1
US 2018-2019,artist,0
US 2018-2019,context,0
US 2018-2019,event,0
US 2018-2019,genre,1
US 2018-2019,moment,1
US 2018-2019,mood,0
US 2018-2019,period,0
US 2018-2019,person,0
US 2018-2019,top,0
US 2020,artist,0
US 2020,context,0
US 2020,mood,0
US 2020,period,0
US 2020,person,0
US 2020,top,0
US Ambiancé,artist,0
US Ambiancé,event,0
US Ambiancé,genre,1
US Ambiancé,moment,0
US Ambiancé,period,0
US Ambiancé,person,0
US Ambiancé,top,0
USA Rap 🇺🇸,artist,0
USA Rap 🇺🇸,context,0
USA Rap 🇺🇸,event,0
USA Rap 🇺🇸,genre,1
USA Rap 🇺🇸,moment,0
USA Rap 🇺🇸,mood,0
USA Rap 🇺🇸,period,0
USA Rap 🇺🇸,person,0
USA Rap 🇺🇸,top,0
USN PL Soleil Noir,context,0
USN PL Soleil Noir,event,0
USN PL Soleil Noir,genre,0
USN PL Soleil Noir,moment,0
USN PL Soleil Noir,mood,0
USN PL Soleil Noir,period,0
USN PL Soleil Noir,person,0
USN PL Soleil Noir,top,0
UTPA,artist,0
UTPA,context,0
UTPA,event,0
UTPA,genre,0
UTPA,moment,0
UTPA,mood,0
UTPA,period,0
UTPA,person,0
UTPA,top,0
Umberto Tozzi,artist,1
Umberto Tozzi,context,0
Umberto Tozzi,event,0
Umberto Tozzi,genre,0
Umberto Tozzi,moment,0
Umberto Tozzi,mood,0
Umberto Tozzi,period,0
Umberto Tozzi,person,0
Umberto Tozzi,top,0
Un après-midi,artist,0
Un après-midi,genre,0
Un après-midi,moment,0
Un après-midi,period,0
Un après-midi,person,0
Un après-midi,top,0
Un peu de nous,artist,0
Un peu de nous,context,0
Un peu de nous,event,0
Un peu de nous,genre,0
Un peu de nous,moment,0
Un peu de nous,period,0
Un peu de nous,top,0
VALSES DE VIENNE,artist,0
VALSES DE VIENNE,context,0
VALSES DE VIENNE,event,0
VALSES DE VIENNE,genre,1
VALSES DE VIENNE,moment,0
VALSES DE VIENNE,mood,0
VALSES DE VIENNE,period,0
VALSES DE VIENNE,person,0
VALSES DE VIENNE,top,0
VB-Chill soirée,artist,0
VB-Chill soirée,context,1
VB-Chill soirée,event,0
VB-Chill soirée,moment,0
VB-Chill soirée,mood,1
VB-Chill soirée,period,0
VB-Chill soirée,top,0
VIOLENCE,artist,0
VIOLENCE,context,0
VIOLENCE,event,0
VIOLENCE,genre,0
VIOLENCE,moment,0
VIOLENCE,mood,1
VIOLENCE,period,0
VIOLENCE,person,0
VIOLENCE,top,0
Valfrejus 2023,artist,0
Valfrejus 2023,context,0
Valfrejus 2023,event,1
Valfrejus 2023,genre,0
Valfrejus 2023,mood,0
Valfrejus 2023,period,0
Valfrejus 2023,person,0
Valfrejus 2023,top,0
Vasur,artist,0
Vasur,context,0
Vasur,event,0
Vasur,genre,0
Vasur,moment,0
Vasur,mood,0
Vasur,period,0
Vasur,top,0
Velvet,artist,1
Velvet,context,0
Velvet,event,0
Velvet,genre,0
Velvet,moment,0
Velvet,mood,0
Velvet,period,0
Velvet,person,0
Velvet,top,0
Very Very Old School ☺️,artist,0
Very Very Old School ☺️,context,0
Very Very Old School ☺️,event,0
Very Very Old School ☺️,genre,0
Very Very Old School ☺️,moment,0
Very Very Old School ☺️,mood,0
Very Very Old School ☺️,period,1
Very Very Old School ☺️,person,0
Very Very Old School ☺️,top,0
Vie ... Déprime ...,artist,0
Vie ... Déprime ...,context,0
Vie ... Déprime ...,event,0
Vie ... Déprime ...,genre,0
Vie ... Déprime ...,moment,0
Vie ... Déprime ...,mood,1
Vie ... Déprime ...,period,0
Vie ... Déprime ...,person,0
Vie ... Déprime ...,top,0
Vintage new music,artist,0
Vintage new music,context,0
Vintage new music,event,0
Vintage new music,moment,0
Vintage new music,mood,0
Vintage new music,person,0
Vintage new music,top,0
Vivaldi Mix,artist,1
Vivaldi Mix,context,0
Vivaldi Mix,event,0
Vivaldi Mix,genre,0
Vivaldi Mix,moment,0
Vivaldi Mix,mood,0
Vivaldi Mix,period,0
Vivaldi Mix,person,0
Vivaldi Mix,top,0
Vizea,artist,0
Vizea,context,0
Vizea,event,0
Vizea,genre,0
Vizea,moment,0
Vizea,mood,0
Vizea,period,0
Vizea,person,0
Vizea,top,0
Walter Gieseking.,artist,1
Walter Gieseking.,context,0
Walter Gieseking.,event,0
Walter Gieseking.,genre,0
Walter Gieseking.,moment,0
Walter Gieseking.,mood,0
Walter Gieseking.,period,0
Walter Gieseking.,person,0
Walter Gieseking.,top,0
Were the end begins,artist,0
Were the end begins,context,0
Were the end begins,event,0
Were the end begins,genre,0
Were the end begins,moment,0
Were the end begins,period,0
Were the end begins,person,0
Were the end begins,top,0
Westwards,artist,0
Westwards,context,0
Westwards,event,0
Westwards,moment,0
Westwards,mood,0
Westwards,period,0
Westwards,person,0
Westwards,top,0
Westworld,context,0
Westworld,event,0
Westworld,moment,0
Westworld,mood,0
Westworld,period,0
Westworld,person,0
Westworld,top,0
What the Folk!,context,0
What the Folk!,event,0
What the Folk!,moment,0
What the Folk!,mood,0
What the Folk!,period,0
What the Folk!,person,0
What the Folk!,top,0
Who,artist,1
Who,context,0
Who,event,0
Who,genre,0
Who,moment,0
Who,mood,0
Who,period,0
Who,person,0
Who,top,0
Why Try,context,0
Why Try,event,0
Why Try,genre,0
Why Try,moment,0
Why Try,mood,0
Why Try,period,0
Why Try,person,0
Why Try,top,0
Wilfried,context,0
Wilfried,event,0
Wilfried,genre,0
Wilfried,moment,0
Wilfried,mood,0
Wilfried,period,0
Wilfried,top,0
X JAPAN,context,0
X JAPAN,event,0
X JAPAN,moment,0
X JAPAN,mood,0
X JAPAN,period,0
X JAPAN,person,0
X JAPAN,top,0
YT Zyprexa,context,0
YT Zyprexa,event,0
YT Zyprexa,genre,0
YT Zyprexa,moment,0
YT Zyprexa,period,0
YT Zyprexa,person,0
YT Zyprexa,top,0
Years and Years,context,0
Years and Years,event,0
Years and Years,genre,0
Years and Years,moment,0
Years and Years,period,0
Years and Years,person,0
Years and Years,top,0
You Found me,artist,0
You Found me,context,0
You Found me,event,0
You Found me,genre,0
You Found me,moment,0
You Found me,period,0
You Found me,person,0
You Found me,top,0
Yéyé 2019,artist,0
Yéyé 2019,context,0
Yéyé 2019,event,0
Yéyé 2019,mood,0
Yéyé 2019,person,0
Yéyé 2019,top,0
ZZ_ARCHIVE _ 25 ans - Festif,artist,0
ZZ_ARCHIVE _ 25 ans - Festif,event,1
ZZ_ARCHIVE _ 25 ans - Festif,genre,0
ZZ_ARCHIVE _ 25 ans - Festif,period,0
ZZ_ARCHIVE _ 25 ans - Festif,person,0
ZZ_ARCHIVE _ 25 ans - Festif,top,0
Zazie • Essenciel,artist,1
Zazie • Essenciel,context,0
Zazie • Essenciel,event,0
Zazie • Essenciel,genre,0
Zazie • Essenciel,moment,0
Zazie • Essenciel,mood,0
Zazie • Essenciel,period,0
Zazie • Essenciel,person,0
Zazie • Essenciel,top,0
ZoukaLova,artist,0
ZoukaLova,context,0
ZoukaLova,event,0
ZoukaLova,moment,0
ZoukaLova,period,0
ZoukaLova,person,0
ZoukaLova,top,0
_____________ajd,artist,0
_____________ajd,context,0
_____________ajd,event,0
_____________ajd,genre,0
_____________ajd,mood,0
_____________ajd,period,0
_____________ajd,person,0
_____________ajd,top,0
a bit of popbm,artist,0
a bit of popbm,context,0
a bit of popbm,event,0
a bit of popbm,genre,1
a bit of popbm,moment,0
a bit of popbm,mood,0
a bit of popbm,period,0
a bit of popbm,person,0
a bit of popbm,top,0
a ecouter plus tard,artist,0
a ecouter plus tard,context,0
a ecouter plus tard,event,0
a ecouter plus tard,genre,0
a ecouter plus tard,moment,0
a ecouter plus tard,mood,0
a ecouter plus tard,period,0
a ecouter plus tard,person,0
a ecouter plus tard,top,0
a hard,artist,0
a hard,context,0
a hard,event,0
a hard,moment,0
a hard,period,0
a hard,person,0
a hard,top,0
a mai 2023,artist,0
a mai 2023,context,0
a mai 2023,event,0
a mai 2023,genre,0
a mai 2023,moment,1
a mai 2023,mood,0
a mai 2023,period,0
a mai 2023,person,0
a mai 2023,top,0
abcd,artist,0
abcd,context,0
abcd,event,0
abcd,genre,0
abcd,moment,0
abcd,mood,0
abcd,period,0
abcd,person,0
abcd,top,0
abcsch,context,0
abcsch,event,0
abcsch,genre,0
abcsch,moment,0
abcsch,mood,0
abcsch,period,0
abcsch,person,0
abcsch,top,0
adamo en anglais,artist,1
adamo en anglais,context,0
adamo en anglais,event,0
adamo en anglais,genre,0
adamo en anglais,moment,0
adamo en anglais,mood,0
adamo en anglais,period,0
adamo en anglais,person,0
adamo en anglais,top,0
adele 2,context,0
adele 2,event,0
adele 2,genre,0
adele 2,moment,0
adele 2,mood,0
adele 2,period,0
adele 2,top,0
african moove,artist,0
african moove,context,0
african moove,event,0
african moove,genre,1
african moove,moment,0
african moove,mood,0
african moove,period,0
african moove,person,0
african moove,top,0
ahhhhmmmmmmm🥪🌭🍔🍟🍗🍖🧁🍩🍪🍿🎂,artist,0
ahhhhmmmmmmm🥪🌭🍔🍟🍗🍖🧁🍩🍪🍿🎂,event,0
ahhhhmmmmmmm🥪🌭🍔🍟🍗🍖🧁🍩🍪🍿🎂,genre,0
ahhhhmmmmmmm🥪🌭🍔🍟🍗🍖🧁🍩🍪🍿🎂,moment,0
ahhhhmmmmmmm🥪🌭🍔🍟🍗🍖🧁🍩🍪🍿🎂,mood,0
ahhhhmmmmmmm🥪🌭🍔🍟🍗🍖🧁🍩🍪🍿🎂,period,0
ahhhhmmmmmmm🥪🌭🍔🍟🍗🍖🧁🍩🍪🍿🎂,person,0
ambiance copains,artist,0
ambiance copains,event,0
ambiance copains,genre,0
ambiance copains,moment,0
ambiance copains,period,0
ambiance copains,person,0
ambiance copains,top,0
amorous ⛈,context,0
amorous ⛈,event,0
amorous ⛈,genre,0
amorous ⛈,moment,0
amorous ⛈,period,0
amorous ⛈,person,0
amorous ⛈,top,0
amoureux 3,artist,0
amoureux 3,context,0
amoureux 3,event,0
amoureux 3,genre,0
amoureux 3,moment,0
amoureux 3,mood,1
amoureux 3,period,0
amoureux 3,person,0
amoureux 3,top,0
ancienne musique,artist,0
ancienne musique,context,0
ancienne musique,event,0
ancienne musique,genre,0
ancienne musique,mood,0
ancienne musique,period,0
ancienne musique,person,0
ancienne musique,top,0
anciennes musiques,artist,0
anciennes musiques,context,0
anciennes musiques,event,0
anciennes musiques,genre,0
anciennes musiques,mood,0
anciennes musiques,period,0
anciennes musiques,person,0
anciennes musiques,top,0
anniv Cleonice,artist,0
anniv Cleonice,context,0
anniv Cleonice,event,1
anniv Cleonice,genre,0
anniv Cleonice,moment,0
anniv Cleonice,mood,0
anniv Cleonice,period,0
anniv Cleonice,person,1
anniv Cleonice,top,0
anniv Côme,artist,0
anniv Côme,context,0
anniv Côme,genre,0
anniv Côme,moment,0
anniv Côme,mood,0
anniv Côme,period,0
anniv Côme,person,1
anniv Côme,top,0
anniversaire Pepousie,artist,0
anniversaire Pepousie,context,0
anniversaire Pepousie,event,1
anniversaire Pepousie,genre,0
anniversaire Pepousie,moment,0
anniversaire Pepousie,period,0
anniversaire Pepousie,top,0
anniversaire mariage 20 ans 24/09/2022,artist,0
anniversaire mariage 20 ans 24/09/2022,context,0
anniversaire mariage 20 ans 24/09/2022,event,1
anniversaire mariage 20 ans 24/09/2022,genre,0
anniversaire mariage 20 ans 24/09/2022,moment,0
anniversaire mariage 20 ans 24/09/2022,mood,0
anniversaire mariage 20 ans 24/09/2022,period,0
anniversaire mariage 20 ans 24/09/2022,person,0
anniversaire mariage 20 ans 24/09/2022,top,0
année scolaire 2015 - 2016,artist,0
année scolaire 2015 - 2016,context,0
année scolaire 2015 - 2016,event,0
année scolaire 2015 - 2016,genre,0
année scolaire 2015 - 2016,moment,1
année scolaire 2015 - 2016,mood,0
année scolaire 2015 - 2016,period,0
année scolaire 2015 - 2016,person,0
année scolaire 2015 - 2016,top,0
antinea,context,0
antinea,event,0
antinea,genre,0
antinea,moment,0
antinea,mood,0
antinea,period,0
antinea,person,0
antinea,top,0
apologize,context,0
apologize,event,0
apologize,genre,0
apologize,moment,0
apologize,mood,0
apologize,period,0
apologize,person,0
apologize,top,0
arap,artist,0
arap,context,0
arap,event,0
arap,moment,0
arap,mood,0
arap,period,0
arap,person,0
arap,top,0
assez !,artist,0
assez !,context,0
assez !,event,0
assez !,genre,0
assez !,moment,0
assez !,period,0
assez !,person,0
assez !,top,0
aux souvenirs oubliés 🤍,artist,0
aux souvenirs oubliés 🤍,context,0
aux souvenirs oubliés 🤍,event,0
aux souvenirs oubliés 🤍,genre,0
aux souvenirs oubliés 🤍,period,0
aux souvenirs oubliés 🤍,person,0
aux souvenirs oubliés 🤍,top,0
avec tonton,artist,0
avec tonton,context,0
avec tonton,event,0
avec tonton,genre,0
avec tonton,moment,0
avec tonton,mood,0
avec tonton,period,0
avec tonton,top,0
a🩷🩷🩷🩷🩷,artist,0
a🩷🩷🩷🩷🩷,context,0
a🩷🩷🩷🩷🩷,event,0
a🩷🩷🩷🩷🩷,genre,0
a🩷🩷🩷🩷🩷,moment,0
a🩷🩷🩷🩷🩷,mood,0
a🩷🩷🩷🩷🩷,period,0
a🩷🩷🩷🩷🩷,person,0
bach bach,artist,1
bach bach,context,0
bach bach,event,0
bach bach,genre,0
bach bach,moment,0
bach bach,mood,0
bach bach,period,0
bach bach,person,0
bach bach,top,0
back on the 80s,artist,0
back on the 80s,context,0
back on the 80s,event,0
back on the 80s,genre,0
back on the 80s,moment,0
back on the 80s,mood,0
back on the 80s,period,1
back on the 80s,person,0
back on the 80s,top,0
basics,artist,0
basics,context,0
basics,event,0
basics,genre,0
basics,moment,0
basics,mood,0
basics,period,0
basics,person,0
bastien 1,artist,0
bastien 1,context,0
bastien 1,event,0
bastien 1,genre,0
bastien 1,moment,0
bastien 1,mood,0
bastien 1,period,0
bastien 1,person,1
bastien 1,top,0
beajenny,artist,0
beajenny,context,0
beajenny,event,0
beajenny,genre,0
beajenny,moment,0
beajenny,mood,0
beajenny,period,0
beajenny,top,0
beauf fragile,artist,0
beauf fragile,context,0
beauf fragile,event,0
beauf fragile,moment,0
beauf fragile,period,0
beauf fragile,person,0
beauf fragile,top,0
bee,artist,0
bee,context,0
bee,event,0
bee,genre,0
bee,moment,0
bee,mood,0
bee,period,0
bee,person,0
bee,top,0
belle_etoile,artist,0
belle_etoile,event,0
belle_etoile,genre,0
belle_etoile,moment,0
belle_etoile,period,0
belle_etoile,person,0
belle_etoile,top,0
blade P,context,0
blade P,event,0
blade P,genre,0
blade P,moment,0
blade P,mood,0
blade P,period,0
blade P,person,0
blade P,top,0
blind test Méaudre mai 2023,artist,0
blind test Méaudre mai 2023,context,0
blind test Méaudre mai 2023,event,1
blind test Méaudre mai 2023,genre,0
blind test Méaudre mai 2023,mood,0
blind test Méaudre mai 2023,period,0
blind test Méaudre mai 2023,top,0
blindtest c’est l’été!,artist,0
blindtest c’est l’été!,context,1
blindtest c’est l’été!,event,0
blindtest c’est l’été!,genre,0
blindtest c’est l’été!,mood,0
blindtest c’est l’été!,period,0
blindtest c’est l’été!,person,0
blindtest c’est l’été!,top,0
bon mood🤌,artist,0
bon mood🤌,context,0
bon mood🤌,event,0
bon mood🤌,genre,0
bon mood🤌,moment,0
bon mood🤌,mood,1
bon mood🤌,period,0
bon mood🤌,person,0
bon mood🤌,top,0
bonjour,artist,0
bonjour,event,0
bonjour,genre,0
bonjour,moment,0
bonjour,mood,0
bonjour,period,0
bonjour,person,0
bonjour,top,0
c. CLARA 💖💖,artist,0
c. CLARA 💖💖,context,0
c. CLARA 💖💖,event,0
c. CLARA 💖💖,genre,0
c. CLARA 💖💖,moment,0
c. CLARA 💖💖,mood,0
c. CLARA 💖💖,period,0
c. CLARA 💖💖,person,1
c. CLARA 💖💖,top,0
cOcOvid 19,artist,0
cOcOvid 19,context,0
cOcOvid 19,genre,0
cOcOvid 19,mood,0
cOcOvid 19,period,0
cOcOvid 19,person,0
cOcOvid 19,top,0
caba et jj,artist,1
caba et jj,context,0
caba et jj,genre,0
caba et jj,moment,0
caba et jj,mood,0
caba et jj,period,0
caba et jj,top,0
caliente,artist,0
caliente,context,0
caliente,event,0
caliente,genre,0
caliente,moment,0
caliente,mood,1
caliente,period,0
caliente,person,0
caliente,top,0
chanson d été,artist,0
chanson d été,event,0
chanson d été,genre,0
chanson d été,moment,0
chanson d été,period,0
chanson d été,person,0
chanson d été,top,0
chanson française Aurélie,artist,0
chanson française Aurélie,context,0
chanson française Aurélie,event,0
chanson française Aurélie,moment,0
chanson française Aurélie,mood,0
chanson française Aurélie,period,0
chanson française Aurélie,person,1
chanson française Aurélie,top,0
chansons à faire au ukulele,artist,0
chansons à faire au ukulele,event,0
chansons à faire au ukulele,genre,0
chansons à faire au ukulele,moment,0
chansons à faire au ukulele,mood,0
chansons à faire au ukulele,period,0
chansons à faire au ukulele,person,0
chansons à faire au ukulele,top,0
chants corses,artist,0
chants corses,context,0
chants corses,event,0
chants corses,genre,1
chants corses,moment,0
chants corses,mood,0
chants corses,period,0
chants corses,person,0
chants corses,top,0
chill and hot night,artist,0
chill and hot night,event,0
chill and hot night,genre,0
chill and hot night,moment,0
chill and hot night,mood,1
chill and hot night,period,0
chill and hot night,person,0
chill and hot night,top,0
chill max,artist,0
chill max,context,0
chill max,event,0
chill max,genre,0
chill max,moment,0
chill max,mood,1
chill max,period,0
chill max,person,0
chill max,top,0
chill rap study,artist,0
chill rap study,context,1
chill rap study,event,0
chill rap study,genre,1
chill rap study,moment,0
chill rap study,period,0
chill rap study,person,0
chill rap study,top,0
cho 2014,artist,0
cho 2014,context,0
cho 2014,event,0
cho 2014,genre,0
cho 2014,moment,1
cho 2014,mood,0
cho 2014,period,0
cho 2014,person,0
cho 2014,top,0
clare maguire,artist,1
clare maguire,context,0
clare maguire,event,0
clare maguire,genre,0
clare maguire,moment,0
clare maguire,mood,0
clare maguire,period,0
clare maguire,person,0
clare maguire,top,0
classique Mozart,artist,1
classique Mozart,context,0
classique Mozart,event,0
classique Mozart,genre,1
classique Mozart,moment,0
classique Mozart,mood,0
classique Mozart,period,0
classique Mozart,person,0
classique Mozart,top,0
classique alice,artist,0
classique alice,context,0
classique alice,event,0
classique alice,genre,1
classique alice,moment,0
classique alice,mood,0
classique alice,period,0
classique alice,person,1
classique alice,top,0
clement,artist,0
clement,context,0
clement,event,0
clement,genre,0
clement,moment,0
clement,mood,0
clement,period,0
clement,person,1
clement,top,0
clio,artist,0
clio,context,1
clio,event,0
clio,genre,0
clio,moment,0
clio,mood,0
clio,period,0
clio,person,0
clio,top,0
comme ca,artist,0
comme ca,context,0
comme ca,event,0
comme ca,genre,0
comme ca,moment,0
comme ca,mood,0
comme ca,period,0
comme ca,person,0
comme ca,top,0
compil tranquille du dimanche,artist,0
compil tranquille du dimanche,context,1
compil tranquille du dimanche,event,0
compil tranquille du dimanche,genre,0
compil tranquille du dimanche,moment,0
compil tranquille du dimanche,period,0
compil tranquille du dimanche,person,0
compil tranquille du dimanche,top,0
cool love,artist,0
cool love,context,0
cool love,event,0
cool love,moment,0
cool love,mood,1
cool love,period,0
cool love,person,0
cool love,top,0
coralie,artist,0
coralie,context,0
coralie,event,0
coralie,genre,0
coralie,moment,0
coralie,mood,0
coralie,period,0
coralie,person,1
coralie,top,0
coule,artist,0
coule,context,0
coule,event,0
coule,genre,0
coule,moment,0
coule,period,0
coule,person,0
coule,top,0
coup de coeur 2020,artist,0
coup de coeur 2020,context,0
coup de coeur 2020,event,0
coup de coeur 2020,genre,0
coup de coeur 2020,moment,1
coup de coeur 2020,mood,0
coup de coeur 2020,period,0
coup de coeur 2020,person,0
coup de coeur 2020,top,1
coups de cœur 2,artist,0
coups de cœur 2,context,0
coups de cœur 2,event,0
coups de cœur 2,genre,0
coups de cœur 2,moment,0
coups de cœur 2,mood,0
coups de cœur 2,period,0
coups de cœur 2,person,0
coups de cœur 2,top,1
coups de cœurs  2021 2022,artist,0
coups de cœurs  2021 2022,context,0
coups de cœurs  2021 2022,event,0
coups de cœurs  2021 2022,genre,0
coups de cœurs  2021 2022,moment,1
coups de cœurs  2021 2022,mood,0
coups de cœurs  2021 2022,period,0
coups de cœurs  2021 2022,person,0
coups de cœurs  2021 2022,top,1
crème,artist,0
crème,context,0
crème,event,0
crème,genre,0
crème,moment,0
crème,mood,0
crème,period,0
crème,person,0
crème,top,1
cypress,artist,1
cypress,context,0
cypress,event,0
cypress,genre,0
cypress,moment,0
cypress,mood,0
cypress,period,0
cypress,person,0
cypress,top,0
da3m0ns: ange noir / FK UR SINS,context,0
da3m0ns: ange noir / FK UR SINS,event,0
da3m0ns: ange noir / FK UR SINS,genre,0
da3m0ns: ange noir / FK UR SINS,moment,0
da3m0ns: ange noir / FK UR SINS,mood,1
da3m0ns: ange noir / FK UR SINS,period,0
da3m0ns: ange noir / FK UR SINS,person,0
da3m0ns: ange noir / FK UR SINS,top,0
dad,artist,0
dad,context,0
dad,event,0
dad,genre,0
dad,moment,0
dad,mood,0
dad,period,0
dad,top,0
daily september 21,artist,0
daily september 21,genre,0
daily september 21,moment,1
daily september 21,mood,0
daily september 21,period,0
daily september 21,person,0
daily september 21,top,0
damso🖖🏾,artist,1
damso🖖🏾,context,0
damso🖖🏾,event,0
damso🖖🏾,genre,0
damso🖖🏾,moment,0
damso🖖🏾,mood,0
damso🖖🏾,period,0
damso🖖🏾,person,0
damso🖖🏾,top,0
dancehall ragga,artist,0
dancehall ragga,context,0
dancehall ragga,event,0
dancehall ragga,genre,1
dancehall ragga,moment,0
dancehall ragga,mood,0
dancehall ragga,period,0
dancehall ragga,person,0
dancehall ragga,top,0
dancing enfants,artist,0
dancing enfants,event,0
dancing enfants,moment,0
dancing enfants,mood,0
dancing enfants,period,0
dancing enfants,top,0
danse 20,artist,0
danse 20,event,0
danse 20,moment,0
danse 20,mood,0
danse 20,period,0
danse 20,person,0
danse 20,top,0
death metal,artist,0
death metal,context,0
death metal,event,0
death metal,genre,1
death metal,moment,0
death metal,mood,0
death metal,period,0
death metal,person,0
death metal,top,0
delecte d la feuille,artist,0
delecte d la feuille,context,0
delecte d la feuille,event,0
delecte d la feuille,genre,0
delecte d la feuille,moment,0
delecte d la feuille,period,0
delecte d la feuille,person,0
dessin,artist,0
dessin,context,1
dessin,event,0
dessin,genre,0
dessin,moment,0
dessin,mood,0
dessin,period,0
dessin,person,0
dessin,top,0
digne,artist,0
digne,context,0
digne,event,0
digne,genre,0
digne,moment,0
digne,period,0
digne,person,0
digne,top,0
dimanche 10 avril 2022,artist,0
dimanche 10 avril 2022,context,0
dimanche 10 avril 2022,event,1
dimanche 10 avril 2022,genre,0
dimanche 10 avril 2022,moment,0
dimanche 10 avril 2022,mood,0
dimanche 10 avril 2022,period,0
dimanche 10 avril 2022,person,0
dimanche 10 avril 2022,top,0
disco dance 1,artist,0
disco dance 1,event,0
disco dance 1,genre,1
disco dance 1,moment,0
disco dance 1,mood,0
disco dance 1,period,0
disco dance 1,person,0
disco dance 1,top,0
djubaka,artist,1
djubaka,context,0
djubaka,event,0
djubaka,genre,0
djubaka,moment,0
djubaka,mood,0
djubaka,period,0
djubaka,person,0
djubaka,top,0
dodo 100 % 🛌,artist,0
dodo 100 % 🛌,context,1
dodo 100 % 🛌,event,0
dodo 100 % 🛌,genre,0
dodo 100 % 🛌,moment,0
dodo 100 % 🛌,mood,0
dodo 100 % 🛌,period,0
dodo 100 % 🛌,person,0
dodo 100 % 🛌,top,0
douce,artist,0
douce,context,0
douce,event,0
douce,genre,0
douce,moment,0
douce,mood,1
douce,period,0
douce,person,0
douce,top,0
découverte 2019,artist,0
découverte 2019,context,0
découverte 2019,event,0
découverte 2019,genre,0
découverte 2019,moment,1
découverte 2019,mood,0
découverte 2019,period,0
découverte 2019,person,0
découverte 2019,top,0
découverte et autres,artist,0
découverte et autres,context,0
découverte et autres,event,0
découverte et autres,genre,0
découverte et autres,moment,0
découverte et autres,mood,0
découverte et autres,period,0
découverte et autres,person,0
eddy mitchel,artist,1
eddy mitchel,context,0
eddy mitchel,event,0
eddy mitchel,genre,0
eddy mitchel,moment,0
eddy mitchel,mood,0
eddy mitchel,period,0
eddy mitchel,person,0
eddy mitchel,top,0
elle mon fait du bien,artist,0
elle mon fait du bien,context,0
elle mon fait du bien,event,0
elle mon fait du bien,genre,0
elle mon fait du bien,moment,0
elle mon fait du bien,mood,1
elle mon fait du bien,period,0
elle mon fait du bien,person,0
elle mon fait du bien,top,0
enemy,context,0
enemy,event,0
enemy,genre,0
enemy,moment,0
enemy,mood,0
enemy,period,0
enemy,person,0
enemy,top,0
espagne sound,artist,0
espagne sound,context,0
espagne sound,event,0
espagne sound,genre,1
espagne sound,moment,0
espagne sound,mood,0
espagne sound,period,0
espagne sound,person,0
espagne sound,top,0
espagnol,artist,0
espagnol,context,0
espagnol,event,0
espagnol,genre,1
espagnol,moment,0
espagnol,mood,0
espagnol,period,0
espagnol,person,0
espagnol,top,0
faramondo,artist,1
faramondo,context,0
faramondo,event,0
faramondo,genre,0
faramondo,moment,0
faramondo,mood,0
faramondo,period,0
faramondo,person,0
faramondo,top,0
festayre,artist,0
festayre,context,0
festayre,genre,0
festayre,moment,0
festayre,mood,0
festayre,period,0
festayre,person,0
festayre,top,0
feur,context,0
feur,event,0
feur,genre,0
feur,moment,0
feur,mood,0
feur,period,0
feur,person,0
feur,top,0
fevrier2019,artist,0
fevrier2019,context,0
fevrier2019,event,0
fevrier2019,genre,0
fevrier2019,moment,1
fevrier2019,mood,0
fevrier2019,period,0
fevrier2019,person,0
fevrier2019,top,0
films/animé,artist,0
films/animé,context,0
films/animé,event,0
films/animé,genre,1
films/animé,moment,0
films/animé,mood,0
films/animé,period,0
films/animé,person,0
films/animé,top,0
flow BB,artist,0
flow BB,context,0
flow BB,event,0
flow BB,genre,0
flow BB,moment,0
flow BB,period,0
flow BB,top,0
flower power 2020,artist,0
flower power 2020,context,0
flower power 2020,event,0
flower power 2020,genre,1
flower power 2020,mood,0
flower power 2020,period,0
flower power 2020,person,0
flower power 2020,top,0
fnsnw,artist,0
fnsnw,context,0
fnsnw,event,0
fnsnw,genre,0
fnsnw,moment,0
fnsnw,mood,0
fnsnw,period,0
fnsnw,person,0
fnsnw,top,0
fond musical,artist,0
fond musical,context,1
fond musical,event,0
fond musical,genre,0
fond musical,moment,0
fond musical,mood,0
fond musical,period,0
fond musical,person,0
fond musical,top,0
footing Mali,artist,0
footing Mali,context,1
footing Mali,event,0
footing Mali,mood,0
footing Mali,period,0
footing Mali,person,0
footing Mali,top,0
fortnite,artist,0
fortnite,context,1
fortnite,event,0
fortnite,genre,0
fortnite,moment,0
fortnite,mood,0
fortnite,period,0
fortnite,person,0
fortnite,top,0
fête cool,artist,0
fête cool,context,1
fête cool,event,0
fête cool,genre,0
fête cool,moment,0
fête cool,period,0
fête cool,person,0
fête cool,top,0
goa,artist,0
goa,context,0
goa,moment,0
goa,mood,0
goa,period,0
goa,person,0
goa,top,0
gonna be a big man someday,context,0
gonna be a big man someday,event,0
gonna be a big man someday,genre,0
gonna be a big man someday,moment,0
gonna be a big man someday,period,0
gonna be a big man someday,person,0
gonna be a big man someday,top,0
good musics are always welcome,artist,0
good musics are always welcome,context,0
good musics are always welcome,event,0
good musics are always welcome,genre,0
good musics are always welcome,moment,0
good musics are always welcome,mood,0
good musics are always welcome,period,0
good musics are always welcome,person,0
good musics are always welcome,top,1
gore music,artist,0
gore music,context,0
gore music,event,0
gore music,genre,1
gore music,moment,0
gore music,mood,0
gore music,period,0
gore music,person,0
gore music,top,0
guitare loulou,artist,0
guitare loulou,event,0
guitare loulou,moment,0
guitare loulou,mood,0
guitare loulou,period,0
guitare loulou,top,0
gun's n roses 🌹,artist,1
gun's n roses 🌹,context,0
gun's n roses 🌹,event,0
gun's n roses 🌹,genre,0
gun's n roses 🌹,moment,0
gun's n roses 🌹,mood,0
gun's n roses 🌹,period,0
gun's n roses 🌹,person,0
gun's n roses 🌹,top,0
génération hit machine 80/2010,artist,0
génération hit machine 80/2010,context,0
génération hit machine 80/2010,event,0
génération hit machine 80/2010,moment,0
génération hit machine 80/2010,mood,0
génération hit machine 80/2010,period,1
génération hit machine 80/2010,person,0
génération hit machine 80/2010,top,0
géo,artist,0
géo,context,0
géo,event,0
géo,genre,0
géo,moment,0
géo,mood,0
géo,period,0
géo,person,0
géo,top,0
happy day,artist,0
happy day,event,0
happy day,genre,0
happy day,moment,0
happy day,mood,1
happy day,period,0
happy day,person,0
happy day,top,0
hors ligne Aurélien,artist,0
hors ligne Aurélien,event,0
hors ligne Aurélien,genre,0
hors ligne Aurélien,moment,0
hors ligne Aurélien,mood,0
hors ligne Aurélien,period,0
hors ligne Aurélien,top,0
ian,context,0
ian,event,0
ian,genre,0
ian,moment,0
ian,mood,0
ian,period,0
ian,top,0
inconnus,artist,0
inconnus,context,0
inconnus,event,0
inconnus,genre,0
inconnus,moment,0
inconnus,mood,0
inconnus,period,0
inconnus,person,0
inconnus,top,0
indispensable mariage,artist,0
indispensable mariage,genre,0
indispensable mariage,moment,0
indispensable mariage,mood,0
indispensable mariage,period,0
indispensable mariage,person,0
inigo montoya,context,0
inigo montoya,event,0
inigo montoya,genre,0
inigo montoya,moment,0
inigo montoya,mood,0
inigo montoya,period,0
inigo montoya,person,0
inigo montoya,top,0
internationnal,artist,0
internationnal,context,0
internationnal,event,0
internationnal,genre,1
internationnal,moment,0
internationnal,mood,0
internationnal,period,0
internationnal,person,0
internationnal,top,0
italienne resto,artist,0
italienne resto,context,1
italienne resto,moment,0
italienne resto,mood,0
italienne resto,period,0
italienne resto,person,0
italienne resto,top,0
james morrison,artist,1
james morrison,context,0
james morrison,event,0
james morrison,genre,0
james morrison,moment,0
james morrison,mood,0
james morrison,period,0
james morrison,person,0
james morrison,top,0
jazzy cool,artist,0
jazzy cool,context,0
jazzy cool,event,0
jazzy cool,genre,1
jazzy cool,moment,0
jazzy cool,mood,1
jazzy cool,period,0
jazzy cool,person,0
jazzy cool,top,0
jeu nvl an,artist,0
jeu nvl an,context,0
jeu nvl an,event,1
jeu nvl an,genre,0
jeu nvl an,moment,0
jeu nvl an,mood,0
jeu nvl an,period,0
jeu nvl an,person,0
jeu nvl an,top,0
juin 2023,artist,0
juin 2023,context,0
juin 2023,event,0
juin 2023,genre,0
juin 2023,moment,1
juin 2023,mood,0
juin 2023,period,0
juin 2023,person,0
juin 2023,top,0
jvends,context,0
jvends,event,0
jvends,genre,0
jvends,moment,0
jvends,mood,0
jvends,period,0
jvends,person,0
jvends,top,0
kikirock,artist,0
kikirock,context,0
kikirock,event,0
kikirock,genre,1
kikirock,moment,0
kikirock,mood,0
kikirock,period,0
kikirock,top,0
koba,artist,1
koba,context,0
koba,event,0
koba,genre,0
koba,moment,0
koba,mood,0
koba,period,0
koba,person,0
koba,top,0
krap,artist,0
krap,context,0
krap,event,0
krap,moment,0
krap,mood,0
krap,period,0
krap,person,0
krap,top,0
laserdance,context,0
laserdance,event,0
laserdance,moment,0
laserdance,mood,0
laserdance,period,0
laserdance,person,0
laserdance,top,0
latino douceur,artist,0
latino douceur,context,0
latino douceur,event,0
latino douceur,genre,1
latino douceur,moment,0
latino douceur,mood,1
latino douceur,period,0
latino douceur,person,0
latino douceur,top,0
lectur4,artist,0
lectur4,event,0
lectur4,genre,0
lectur4,moment,0
lectur4,mood,0
lectur4,period,0
lectur4,person,0
lectur4,top,0
les best,artist,0
les best,context,0
les best,event,0
les best,genre,0
les best,moment,0
les best,mood,0
les best,period,0
les best,person,0
lia's songs,context,0
lia's songs,event,0
lia's songs,genre,0
lia's songs,moment,0
lia's songs,mood,0
lia's songs,period,0
lia's songs,top,0
like a hobo,context,0
like a hobo,event,0
like a hobo,genre,0
like a hobo,moment,0
like a hobo,mood,0
like a hobo,period,0
like a hobo,person,0
like a hobo,top,0
lilip,artist,0
lilip,context,0
lilip,event,0
lilip,genre,0
lilip,moment,0
lilip,mood,0
lilip,period,0
lilip,top,0
lorie,artist,1
lorie,context,0
lorie,event,0
lorie,genre,0
lorie,moment,0
lorie,mood,0
lorie,period,0
lorie,top,0
love songs Zaz,artist,1
love songs Zaz,context,0
love songs Zaz,event,0
love songs Zaz,moment,0
love songs Zaz,mood,0
love songs Zaz,period,0
love songs Zaz,person,0
love songs Zaz,top,0
lucas 2022,artist,0
lucas 2022,context,0
lucas 2022,event,0
lucas 2022,genre,0
lucas 2022,moment,1
lucas 2022,mood,0
lucas 2022,period,0
lucas 2022,person,1
lucas 2022,top,0
lujipeka,artist,1
lujipeka,context,0
lujipeka,event,0
lujipeka,genre,0
lujipeka,moment,0
lujipeka,mood,0
lujipeka,period,0
lujipeka,person,0
lujipeka,top,0
m'y playlist,artist,0
m'y playlist,context,0
m'y playlist,event,0
m'y playlist,genre,0
m'y playlist,moment,0
m'y playlist,mood,0
m'y playlist,period,0
m'y playlist,person,0
ma dernière préférée,artist,0
ma dernière préférée,context,0
ma dernière préférée,event,0
ma dernière préférée,genre,0
ma dernière préférée,moment,0
ma dernière préférée,mood,0
ma dernière préférée,period,0
ma dernière préférée,person,0
ma dernière préférée,top,1
mai 2021,artist,0
mai 2021,context,0
mai 2021,event,0
mai 2021,genre,0
mai 2021,moment,1
mai 2021,mood,0
mai 2021,period,0
mai 2021,person,0
mai 2021,top,0
main character,artist,0
main character,context,0
main character,event,0
main character,genre,0
main character,moment,0
main character,period,0
main character,person,0
main character,top,0
maison,artist,0
maison,context,1
maison,event,0
maison,genre,0
maison,moment,0
maison,mood,0
maison,period,0
maison,person,0
maison,top,0
marathon nervers,artist,0
marathon nervers,genre,0
marathon nervers,moment,0
marathon nervers,mood,0
marathon nervers,period,0
marathon nervers,person,0
marathon nervers,top,0
mariage jazz,artist,0
mariage jazz,genre,1
mariage jazz,moment,0
mariage jazz,mood,0
mariage jazz,period,0
mariage jazz,person,0
mariage jazz,top,0
marie et gui,artist,0
marie et gui,context,0
marie et gui,genre,0
marie et gui,moment,0
marie et gui,mood,0
marie et gui,period,0
marie et gui,person,1
marie et gui,top,0
mars 2017,artist,0
mars 2017,context,0
mars 2017,event,0
mars 2017,genre,0
mars 2017,moment,1
mars 2017,mood,0
mars 2017,period,0
mars 2017,person,0
mars 2017,top,0
maxime le forestier,artist,1
maxime le forestier,context,0
maxime le forestier,event,0
maxime le forestier,genre,0
maxime le forestier,moment,0
maxime le forestier,mood,0
maxime le forestier,period,0
maxime le forestier,person,0
maxime le forestier,top,0
meditation et zen,artist,0
meditation et zen,event,0
meditation et zen,genre,0
meditation et zen,moment,0
meditation et zen,mood,1
meditation et zen,period,0
meditation et zen,person,0
meditation et zen,top,0
melting pop,artist,0
melting pop,context,0
melting pop,event,0
melting pop,genre,1
melting pop,moment,0
melting pop,mood,0
melting pop,period,0
melting pop,person,0
melting pop,top,0
mes 50 merveilles,artist,0
mes 50 merveilles,context,0
mes 50 merveilles,event,0
mes 50 merveilles,genre,0
mes 50 merveilles,moment,0
mes 50 merveilles,mood,0
mes 50 merveilles,period,0
mes 50 merveilles,person,0
mes albums,artist,0
mes albums,context,0
mes albums,event,0
mes albums,genre,0
mes albums,moment,0
mes albums,mood,0
mes albums,period,0
mes albums,person,0
mes coup de coeur,artist,0
mes coup de coeur,context,0
mes coup de coeur,event,0
mes coup de coeur,genre,0
mes coup de coeur,moment,0
mes coup de coeur,mood,0
mes coup de coeur,period,0
mes coup de coeur,person,0
mes coup de coeur,top,1
mi temsi,artist,0
mi temsi,context,0
mi temsi,event,0
mi temsi,genre,0
mi temsi,moment,0
mi temsi,mood,0
mi temsi,period,0
mi temsi,person,0
mi temsi,top,0
mimi,artist,0
mimi,context,0
mimi,event,0
mimi,genre,0
mimi,moment,0
mimi,mood,0
mimi,period,0
mimi,top,0
mix stylé chill,artist,0
mix stylé chill,context,0
mix stylé chill,event,0
mix stylé chill,moment,0
mix stylé chill,mood,1
mix stylé chill,period,0
mix stylé chill,person,0
mix stylé chill,top,0
mon top du mois juin,artist,0
mon top du mois juin,context,0
mon top du mois juin,event,0
mon top du mois juin,genre,0
mon top du mois juin,mood,0
mon top du mois juin,period,0
mon top du mois juin,person,0
monday,artist,0
monday,context,1
monday,event,0
monday,genre,0
monday,moment,0
monday,period,0
monday,person,0
monday,top,0
montagne,artist,0
montagne,context,1
montagne,event,0
montagne,genre,0
montagne,moment,0
montagne,mood,0
montagne,period,0
montagne,person,0
montagne,top,0
mtbrd,context,0
mtbrd,event,0
mtbrd,genre,0
mtbrd,moment,0
mtbrd,mood,0
mtbrd,period,0
mtbrd,person,0
mtbrd,top,0
musique arabe,artist,0
musique arabe,context,0
musique arabe,event,0
musique arabe,genre,1
musique arabe,moment,0
musique arabe,mood,0
musique arabe,period,0
musique arabe,person,0
musique arabe,top,0
musique de boite,artist,0
musique de boite,event,0
musique de boite,genre,1
musique de boite,moment,0
musique de boite,mood,0
musique de boite,period,0
musique de boite,person,0
musique de boite,top,0
musique de film arman amar,artist,1
musique de film arman amar,context,0
musique de film arman amar,event,0
musique de film arman amar,genre,1
musique de film arman amar,moment,0
musique de film arman amar,mood,0
musique de film arman amar,period,0
musique de film arman amar,person,0
musique de film arman amar,top,0
musique de nuit,artist,0
musique de nuit,context,1
musique de nuit,event,0
musique de nuit,genre,0
musique de nuit,moment,0
musique de nuit,mood,0
musique de nuit,period,0
musique de nuit,person,0
musique de nuit,top,0
musique eur est,artist,0
musique eur est,context,0
musique eur est,event,0
musique eur est,genre,1
musique eur est,moment,0
musique eur est,mood,0
musique eur est,period,0
musique eur est,person,0
musique eur est,top,0
musique pour travailler,artist,0
musique pour travailler,context,1
musique pour travailler,event,0
musique pour travailler,genre,0
musique pour travailler,moment,0
musique pour travailler,mood,0
musique pour travailler,period,0
musique pour travailler,person,0
musique pour travailler,top,0
musique pourrie pour soirée,artist,0
musique pourrie pour soirée,context,1
musique pourrie pour soirée,event,0
musique pourrie pour soirée,genre,0
musique pourrie pour soirée,moment,0
musique pourrie pour soirée,mood,0
musique pourrie pour soirée,period,0
musique pourrie pour soirée,person,0
musique pourrie pour soirée,top,0
musiques trad,artist,0
musiques trad,context,0
musiques trad,event,0
musiques trad,genre,1
musiques trad,moment,0
musiques trad,mood,0
musiques trad,person,0
musiques trad,top,0
méléagan,artist,0
méléagan,context,0
méléagan,event,0
méléagan,genre,0
méléagan,moment,0
méléagan,mood,0
méléagan,period,0
méléagan,person,0
méléagan,top,0
nadiya,artist,1
nadiya,context,0
nadiya,event,0
nadiya,genre,0
nadiya,moment,0
nadiya,mood,0
nadiya,period,0
nadiya,person,0
nadiya,top,0
namour,artist,0
namour,context,0
namour,event,0
namour,genre,0
namour,moment,0
namour,period,0
namour,top,0
nana,context,0
nana,event,0
nana,genre,0
nana,moment,0
nana,mood,0
nana,period,0
nana,top,0
ne me ramène pas,artist,0
ne me ramène pas,context,0
ne me ramène pas,event,0
ne me ramène pas,genre,0
ne me ramène pas,moment,0
ne me ramène pas,period,0
ne me ramène pas,person,0
ne me ramène pas,top,0
new guiana 2017,artist,0
new guiana 2017,context,0
new guiana 2017,event,1
new guiana 2017,genre,0
new guiana 2017,mood,0
new guiana 2017,period,0
new guiana 2017,person,0
new guiana 2017,top,0
new2,artist,0
new2,context,0
new2,event,0
new2,genre,0
new2,mood,0
new2,period,0
new2,person,0
new2,top,0
news vendredi 10/06/20,artist,0
news vendredi 10/06/20,context,0
news vendredi 10/06/20,genre,0
news vendredi 10/06/20,moment,0
news vendredi 10/06/20,mood,0
news vendredi 10/06/20,period,0
news vendredi 10/06/20,person,0
news vendredi 10/06/20,top,0
no man,context,0
no man,event,0
no man,genre,0
no man,moment,0
no man,mood,0
no man,period,0
no man,person,0
no man,top,0
non conventionnelle,artist,0
non conventionnelle,context,0
non conventionnelle,event,0
non conventionnelle,moment,0
non conventionnelle,mood,0
non conventionnelle,period,0
non conventionnelle,person,0
non conventionnelle,top,0
nouvelle douche,artist,0
nouvelle douche,context,1
nouvelle douche,event,0
nouvelle douche,genre,0
nouvelle douche,moment,0
nouvelle douche,mood,0
nouvelle douche,period,0
nouvelle douche,person,0
nouvelle douche,top,0
nunu,context,0
nunu,event,0
nunu,genre,0
nunu,moment,0
nunu,mood,0
nunu,period,0
nunu,top,0
obx,context,0
obx,event,0
obx,genre,0
obx,moment,0
obx,mood,0
obx,period,0
obx,person,0
obx,top,0
oby one,context,0
oby one,event,0
oby one,genre,0
oby one,moment,0
oby one,mood,0
oby one,period,0
oby one,person,0
oby one,top,0
ogres de barback,artist,1
ogres de barback,context,0
ogres de barback,event,0
ogres de barback,genre,0
ogres de barback,moment,0
ogres de barback,mood,0
ogres de barback,period,0
ogres de barback,person,0
ogres de barback,top,0
old dance,artist,0
old dance,context,0
old dance,event,0
old dance,moment,0
old dance,mood,0
old dance,period,1
old dance,person,0
old dance,top,0
olé schooner,artist,0
olé schooner,context,0
olé schooner,event,0
olé schooner,genre,0
olé schooner,moment,0
olé schooner,mood,0
olé schooner,period,0
olé schooner,person,0
olé schooner,top,0
ordre,artist,0
ordre,context,0
ordre,event,0
ordre,genre,0
ordre,moment,0
ordre,mood,0
ordre,period,0
ordre,person,0
ordre,top,0
original dansant,artist,0
original dansant,event,0
original dansant,genre,0
original dansant,moment,0
original dansant,period,0
original dansant,person,0
original dansant,top,0
otis redding best of,artist,1
otis redding best of,context,0
otis redding best of,event,0
otis redding best of,genre,0
otis redding best of,moment,0
otis redding best of,mood,0
otis redding best of,period,0
otis redding best of,person,0
ou est ma playlist,artist,0
ou est ma playlist,context,0
ou est ma playlist,event,0
ou est ma playlist,genre,0
ou est ma playlist,moment,0
ou est ma playlist,mood,0
ou est ma playlist,period,0
ou est ma playlist,person,0
ou est ma playlist,top,0
parade,artist,0
parade,event,0
parade,genre,0
parade,moment,0
parade,mood,0
parade,period,0
parade,person,0
parade,top,0
patate intergalactique,artist,0
patate intergalactique,context,0
patate intergalactique,event,0
patate intergalactique,genre,0
patate intergalactique,moment,0
patate intergalactique,mood,1
patate intergalactique,period,0
patate intergalactique,person,0
patate intergalactique,top,0
picnic woot,artist,0
picnic woot,genre,0
picnic woot,moment,0
picnic woot,mood,0
picnic woot,period,0
picnic woot,person,0
picnic woot,top,0
pignato 32,artist,0
pignato 32,context,0
pignato 32,event,0
pignato 32,genre,0
pignato 32,moment,0
pignato 32,mood,0
pignato 32,period,0
pignato 32,person,0
pignato 32,top,0
pil nov 19,artist,0
pil nov 19,context,0
pil nov 19,event,0
pil nov 19,genre,0
pil nov 19,moment,1
pil nov 19,mood,0
pil nov 19,period,0
pil nov 19,person,0
pil nov 19,top,0
plann,artist,0
plann,context,0
plann,event,0
plann,genre,0
plann,moment,0
plann,period,0
plann,person,0
plann,top,0
play liste jess,artist,0
play liste jess,context,0
play liste jess,event,0
play liste jess,genre,0
play liste jess,moment,0
play liste jess,mood,0
play liste jess,period,0
play liste jess,person,1
play liste jess,top,0
playlist pour orl,artist,0
playlist pour orl,event,0
playlist pour orl,genre,0
playlist pour orl,moment,0
playlist pour orl,mood,0
playlist pour orl,period,0
playlist pour orl,top,0
pop française  martine,artist,0
pop française  martine,context,0
pop française  martine,event,0
pop française  martine,genre,1
pop française  martine,moment,0
pop française  martine,mood,0
pop française  martine,period,0
pop française  martine,person,1
pop française  martine,top,0
pop rock surf,artist,0
pop rock surf,event,0
pop rock surf,genre,1
pop rock surf,moment,0
pop rock surf,mood,0
pop rock surf,period,0
pop rock surf,person,0
pop rock surf,top,0
pour Papa,artist,0
pour Papa,context,0
pour Papa,event,0
pour Papa,genre,0
pour Papa,moment,0
pour Papa,mood,0
pour Papa,period,0
pour Papa,person,1
pour Papa,top,0
pour la douche,artist,0
pour la douche,context,1
pour la douche,event,0
pour la douche,genre,0
pour la douche,moment,0
pour la douche,mood,0
pour la douche,period,0
pour la douche,person,0
pour la douche,top,0
pour quand je voudrais faire du sport,artist,0
pour quand je voudrais faire du sport,context,1
pour quand je voudrais faire du sport,event,0
pour quand je voudrais faire du sport,genre,0
pour quand je voudrais faire du sport,mood,0
pour quand je voudrais faire du sport,period,0
pour quand je voudrais faire du sport,person,0
pour quand je voudrais faire du sport,top,0
pov : tu révises dans un château,artist,0
pov : tu révises dans un château,context,1
pov : tu révises dans un château,event,0
pov : tu révises dans un château,genre,0
pov : tu révises dans un château,moment,0
pov : tu révises dans un château,period,0
pov : tu révises dans un château,person,0
pov : tu révises dans un château,top,0
pppppp,artist,0
pppppp,context,0
pppppp,event,0
pppppp,genre,0
pppppp,moment,0
pppppp,mood,0
pppppp,period,0
pppppp,person,0
pppppp,top,0
printemps été 2017,artist,0
printemps été 2017,context,0
printemps été 2017,event,0
printemps été 2017,genre,0
printemps été 2017,moment,1
printemps été 2017,mood,0
printemps été 2017,period,0
printemps été 2017,person,0
printemps été 2017,top,0
profs élèves,artist,0
profs élèves,event,0
profs élèves,genre,0
profs élèves,moment,0
profs élèves,mood,0
profs élèves,period,0
profs élèves,person,0
profs élèves,top,0
prpopal,artist,0
prpopal,context,0
prpopal,event,0
prpopal,genre,0
prpopal,moment,0
prpopal,mood,0
prpopal,period,0
prpopal,person,0
prpopal,top,0
préhistoire,artist,0
préhistoire,context,0
préhistoire,event,0
préhistoire,genre,0
préhistoire,moment,0
préhistoire,mood,0
préhistoire,person,0
préhistoire,top,0
ptdr c quand j'ai découvert le rap,artist,0
ptdr c quand j'ai découvert le rap,context,0
ptdr c quand j'ai découvert le rap,event,0
ptdr c quand j'ai découvert le rap,genre,1
ptdr c quand j'ai découvert le rap,moment,1
ptdr c quand j'ai découvert le rap,mood,0
ptdr c quand j'ai découvert le rap,period,0
ptdr c quand j'ai découvert le rap,person,0
ptdr c quand j'ai découvert le rap,top,0
punk rock,artist,0
punk rock,context,0
punk rock,event,0
punk rock,genre,1
punk rock,moment,0
punk rock,mood,0
punk rock,period,0
punk rock,person,0
punk rock,top,0
qui donne la patate,artist,0
qui donne la patate,context,0
qui donne la patate,event,0
qui donne la patate,genre,0
qui donne la patate,moment,0
qui donne la patate,period,0
qui donne la patate,person,0
qui donne la patate,top,0
rap 11,artist,0
rap 11,context,0
rap 11,event,0
rap 11,genre,1
rap 11,moment,0
rap 11,mood,0
rap 11,period,0
rap 11,person,0
rap 11,top,0
rap classic de vieux! yoyo,artist,0
rap classic de vieux! yoyo,context,0
rap classic de vieux! yoyo,event,0
rap classic de vieux! yoyo,genre,1
rap classic de vieux! yoyo,moment,0
rap classic de vieux! yoyo,mood,0
rap classic de vieux! yoyo,period,1
rap classic de vieux! yoyo,person,0
rap fr old school,artist,0
rap fr old school,context,0
rap fr old school,event,0
rap fr old school,genre,1
rap fr old school,moment,0
rap fr old school,mood,0
rap fr old school,period,1
rap fr old school,person,0
rap fr old school,top,0
rap hiphop,artist,0
rap hiphop,context,0
rap hiphop,event,0
rap hiphop,genre,1
rap hiphop,moment,0
rap hiphop,mood,0
rap hiphop,period,0
rap hiphop,person,0
rap hiphop,top,0
rape,artist,0
rape,context,0
rape,event,0
rape,moment,0
rape,mood,0
rape,period,0
rape,person,0
rape,top,0
relaxe,artist,0
relaxe,event,0
relaxe,genre,0
relaxe,moment,0
relaxe,mood,1
relaxe,period,0
relaxe,person,0
relaxe,top,0
reprise > originale,artist,0
reprise > originale,context,0
reprise > originale,event,0
reprise > originale,moment,0
reprise > originale,mood,0
reprise > originale,period,0
reprise > originale,person,0
reprise > originale,top,0
resoi,artist,0
resoi,context,1
resoi,event,0
resoi,genre,0
resoi,moment,0
resoi,mood,0
resoi,period,0
resoi,person,0
resoi,top,0
rico loco,context,0
rico loco,event,0
rico loco,genre,0
rico loco,moment,0
rico loco,period,0
rico loco,person,0
rico loco,top,0
rock jade,artist,0
rock jade,context,0
rock jade,event,0
rock jade,genre,1
rock jade,moment,0
rock jade,mood,0
rock jade,period,0
rock jade,top,0
rock-punk,artist,0
rock-punk,context,0
rock-punk,event,0
rock-punk,genre,1
rock-punk,moment,0
rock-punk,mood,0
rock-punk,period,0
rock-punk,person,0
rock-punk,top,0
ronaldhino,event,0
ronaldhino,genre,0
ronaldhino,moment,0
ronaldhino,mood,0
ronaldhino,period,0
ronaldhino,person,0
ronaldhino,top,0
rétro cinéma,artist,0
rétro cinéma,context,0
rétro cinéma,event,0
rétro cinéma,genre,1
rétro cinéma,moment,0
rétro cinéma,mood,0
rétro cinéma,person,0
rétro cinéma,top,0
s/o Benoît,artist,0
s/o Benoît,context,0
s/o Benoît,event,0
s/o Benoît,genre,0
s/o Benoît,moment,0
s/o Benoît,mood,0
s/o Benoît,period,0
s/o Benoît,person,1
s/o Benoît,top,0
salsa - bachata,artist,0
salsa - bachata,context,0
salsa - bachata,event,0
salsa - bachata,genre,1
salsa - bachata,moment,0
salsa - bachata,mood,0
salsa - bachata,period,0
salsa - bachata,person,0
salsa - bachata,top,0
san josé cool,artist,0
san josé cool,context,0
san josé cool,genre,0
san josé cool,moment,0
san josé cool,mood,1
san josé cool,period,0
san josé cool,person,0
san josé cool,top,0
santana,artist,1
santana,context,0
santana,event,0
santana,genre,0
santana,moment,0
santana,mood,0
santana,period,0
santana,person,0
santana,top,0
sasha2012,artist,0
sasha2012,context,0
sasha2012,event,0
sasha2012,genre,0
sasha2012,mood,0
sasha2012,period,0
sasha2012,person,1
sasha2012,top,0
scout,artist,0
scout,event,0
scout,genre,0
scout,moment,0
scout,mood,0
scout,period,0
scout,person,0
scout,top,0
selecton danceFloor,artist,0
selecton danceFloor,context,1
selecton danceFloor,event,0
selecton danceFloor,moment,0
selecton danceFloor,mood,0
selecton danceFloor,period,0
selecton danceFloor,person,0
sep,artist,0
sep,context,0
sep,event,0
sep,genre,0
sep,mood,0
sep,period,0
sep,person,0
sep,top,0
servas,artist,0
servas,genre,0
servas,moment,0
servas,mood,0
servas,period,0
servas,person,0
servas,top,0
sing 🗣,artist,0
sing 🗣,event,0
sing 🗣,genre,0
sing 🗣,moment,0
sing 🗣,mood,0
sing 🗣,period,0
sing 🗣,person,0
sing 🗣,top,0
skiiiii ⛷️⛷️,artist,0
skiiiii ⛷️⛷️,genre,0
skiiiii ⛷️⛷️,moment,0
skiiiii ⛷️⛷️,mood,0
skiiiii ⛷️⛷️,period,0
skiiiii ⛷️⛷️,person,0
skiiiii ⛷️⛷️,top,0
smile songs,artist,0
smile songs,context,0
smile songs,event,0
smile songs,genre,0
smile songs,moment,0
smile songs,mood,1
smile songs,period,0
smile songs,person,0
smile songs,top,0
soiree 31/12 cousins,artist,0
soiree 31/12 cousins,context,0
soiree 31/12 cousins,event,1
soiree 31/12 cousins,genre,0
soiree 31/12 cousins,moment,0
soiree 31/12 cousins,mood,0
soiree 31/12 cousins,period,0
soiree 31/12 cousins,person,1
soiree 31/12 cousins,top,0
soiree top juin,artist,0
soiree top juin,genre,0
soiree top juin,moment,0
soiree top juin,mood,0
soiree top juin,period,0
soiree top juin,person,0
soirée Elsa,artist,0
soirée Elsa,context,0
soirée Elsa,event,1
soirée Elsa,genre,0
soirée Elsa,moment,0
soirée Elsa,mood,0
soirée Elsa,period,0
soirée Elsa,person,1
soirée Elsa,top,0
soirée GT,artist,0
soirée GT,event,1
soirée GT,genre,0
soirée GT,moment,0
soirée GT,mood,0
soirée GT,period,0
soirée GT,person,0
soirée GT,top,0
soirée réussie,artist,0
soirée réussie,context,1
soirée réussie,event,0
soirée réussie,genre,0
soirée réussie,moment,0
soirée réussie,mood,0
soirée réussie,period,0
soirée réussie,person,0
soirée réussie,top,0
soirée tei,artist,0
soirée tei,context,0
soirée tei,genre,0
soirée tei,moment,0
soirée tei,mood,0
soirée tei,period,0
soirée tei,person,0
soirée tei,top,0
souvenirs 🌻,artist,0
souvenirs 🌻,context,0
souvenirs 🌻,event,0
souvenirs 🌻,genre,0
souvenirs 🌻,period,0
souvenirs 🌻,person,0
souvenirs 🌻,top,0
soy Luna,artist,1
soy Luna,context,0
soy Luna,event,0
soy Luna,genre,0
soy Luna,moment,0
soy Luna,mood,0
soy Luna,period,0
soy Luna,person,0
soy Luna,top,0
star waz,context,0
star waz,event,0
star waz,moment,0
star waz,mood,0
star waz,period,0
star waz,person,0
star waz,top,0
step rap,artist,0
step rap,event,0
step rap,genre,1
step rap,moment,0
step rap,mood,0
step rap,period,0
step rap,person,0
step rap,top,0
steph,artist,0
steph,context,0
steph,event,0
steph,genre,0
steph,moment,0
steph,mood,0
steph,period,0
steph,person,1
steph,top,0
still,artist,0
still,context,0
still,event,0
still,genre,0
still,moment,0
still,period,0
still,person,0
still,top,0
summer tropico,artist,0
summer tropico,event,0
summer tropico,moment,0
summer tropico,period,0
summer tropico,person,0
summer tropico,top,0
syl jep,artist,0
syl jep,context,0
syl jep,event,0
syl jep,genre,0
syl jep,moment,0
syl jep,mood,0
syl jep,period,0
syl jep,person,0
syl jep,top,0
séance de sport,artist,0
séance de sport,context,1
séance de sport,event,0
séance de sport,genre,0
séance de sport,moment,0
séance de sport,mood,0
séance de sport,period,0
séance de sport,person,0
séance de sport,top,0
the 60,artist,0
the 60,context,0
the 60,event,0
the 60,genre,0
the 60,moment,0
the 60,mood,0
the 60,period,1
the 60,person,0
the 60,top,0
the Beatles en 20 titres,artist,1
the Beatles en 20 titres,context,0
the Beatles en 20 titres,event,0
the Beatles en 20 titres,genre,0
the Beatles en 20 titres,moment,0
the Beatles en 20 titres,mood,0
the Beatles en 20 titres,period,0
the Beatles en 20 titres,person,0
the Charly s hit,artist,0
the Charly s hit,context,0
the Charly s hit,event,0
the Charly s hit,genre,0
the Charly s hit,moment,0
the Charly s hit,mood,0
the Charly s hit,period,0
the Charly s hit,top,0
the greatest,artist,0
the greatest,context,0
the greatest,event,0
the greatest,genre,0
the greatest,moment,0
the greatest,mood,0
the greatest,period,0
the greatest,person,0
the revolution evolution,artist,0
the revolution evolution,context,0
the revolution evolution,event,0
the revolution evolution,genre,0
the revolution evolution,moment,0
the revolution evolution,mood,0
the revolution evolution,period,0
the revolution evolution,person,0
the revolution evolution,top,0
titres du moment,artist,0
titres du moment,context,0
titres du moment,event,0
titres du moment,genre,0
titres du moment,mood,0
titres du moment,period,0
titres du moment,person,0
tls,artist,0
tls,event,0
tls,genre,0
tls,mood,0
tls,period,0
tls,person,0
tls,top,0
to fill up my heart,artist,0
to fill up my heart,context,0
to fill up my heart,event,0
to fill up my heart,genre,0
to fill up my heart,moment,0
to fill up my heart,period,0
to fill up my heart,person,0
to fill up my heart,top,0
toin,artist,0
toin,context,0
toin,event,0
toin,genre,0
toin,moment,0
toin,mood,0
toin,period,0
toin,person,0
toin,top,0
top 20,artist,0
top 20,context,0
top 20,event,0
top 20,genre,0
top 20,moment,0
top 20,mood,0
top 20,period,0
top 20,person,0
top 20,top,1
top 2k18 Coline,artist,0
top 2k18 Coline,context,0
top 2k18 Coline,event,0
top 2k18 Coline,genre,0
top 2k18 Coline,moment,1
top 2k18 Coline,mood,0
top 2k18 Coline,period,0
top 2k18 Coline,person,1
top jazz,artist,0
top jazz,context,0
top jazz,event,0
top jazz,genre,1
top jazz,moment,0
top jazz,mood,0
top jazz,period,0
top jazz,person,0
top multipass,artist,0
top multipass,context,0
top multipass,event,0
top multipass,genre,0
top multipass,moment,0
top multipass,mood,0
top multipass,period,0
top multipass,person,0
top multipass,top,1
top music,artist,0
top music,context,0
top music,event,0
top music,genre,0
top music,moment,0
top music,mood,0
top music,period,0
top music,person,0
top music,top,1
total reggaeton,artist,0
total reggaeton,context,0
total reggaeton,event,0
total reggaeton,genre,1
total reggaeton,moment,0
total reggaeton,mood,0
total reggaeton,period,0
total reggaeton,person,0
total reggaeton,top,0
tout les jours,artist,0
tout les jours,context,1
tout les jours,event,0
tout les jours,genre,0
tout les jours,moment,0
tout les jours,mood,0
tout les jours,period,0
tout les jours,person,0
tout les jours,top,0
train2vie,event,0
train2vie,genre,0
train2vie,moment,0
train2vie,mood,0
train2vie,period,0
train2vie,person,0
train2vie,top,0
trance vocal,artist,0
trance vocal,context,0
trance vocal,event,0
trance vocal,genre,1
trance vocal,moment,0
trance vocal,mood,0
trance vocal,period,0
trance vocal,person,0
trance vocal,top,0
trankile,artist,0
trankile,context,0
trankile,event,0
trankile,genre,0
trankile,moment,0
trankile,mood,1
trankile,period,0
trankile,person,0
trankile,top,0
trankilou,artist,0
trankilou,context,0
trankilou,event,0
trankilou,genre,0
trankilou,moment,0
trankilou,mood,1
trankilou,period,0
trankilou,person,0
trankilou,top,0
trisatn,artist,0
trisatn,context,0
trisatn,event,0
trisatn,genre,0
trisatn,moment,0
trisatn,mood,0
trisatn,period,0
trisatn,top,0
twilight,artist,1
twilight,context,0
twilight,event,0
twilight,genre,0
twilight,moment,0
twilight,mood,0
twilight,period,0
twilight,person,0
twilight,top,0
une une ancienne version,artist,0
une une ancienne version,context,0
une une ancienne version,event,0
une une ancienne version,moment,0
une une ancienne version,mood,0
une une ancienne version,period,0
une une ancienne version,person,0
une une ancienne version,top,0
v6,artist,0
v6,context,0
v6,event,0
v6,genre,0
v6,moment,0
v6,mood,0
v6,period,0
v6,person,0
v6,top,0
vagabonds from the dancefloor,artist,0
vagabonds from the dancefloor,context,1
vagabonds from the dancefloor,event,0
vagabonds from the dancefloor,genre,0
vagabonds from the dancefloor,moment,0
vagabonds from the dancefloor,mood,0
vagabonds from the dancefloor,period,0
vagabonds from the dancefloor,person,0
vagabonds from the dancefloor,top,0
vehiculisé,artist,0
vehiculisé,context,1
vehiculisé,event,0
vehiculisé,genre,0
vehiculisé,moment,0
vehiculisé,mood,0
vehiculisé,period,0
vehiculisé,person,0
vehiculisé,top,0
vendée,artist,0
vendée,context,1
vendée,event,0
vendée,moment,0
vendée,mood,0
vendée,period,0
vendée,person,0
vendée,top,0
veni qui,context,0
veni qui,event,0
veni qui,genre,0
veni qui,moment,0
veni qui,mood,0
veni qui,period,0
veni qui,person,0
veni qui,top,0
vielle music,artist,0
vielle music,context,0
vielle music,event,0
vielle music,genre,0
vielle music,mood,0
vielle music,person,0
vielle music,top,0
vieux soirée,artist,0
vieux soirée,context,1
vieux soirée,event,0
vieux soirée,genre,0
vieux soirée,moment,0
vieux soirée,mood,0
vieux soirée,period,0
vieux soirée,person,0
vieux soirée,top,0
vikings musique,artist,0
vikings musique,context,0
vikings musique,event,0
vikings musique,genre,1
vikings musique,moment,0
vikings musique,mood,0
vikings musique,period,0
vikings musique,person,0
vikings musique,top,0
violence,artist,0
violence,context,0
violence,event,0
violence,genre,0
violence,moment,0
violence,mood,1
violence,period,0
violence,person,0
violence,top,0
voiture w mama,artist,0
voiture w mama,context,1
voiture w mama,event,0
voiture w mama,genre,0
voiture w mama,moment,0
voiture w mama,mood,0
voiture w mama,period,0
voiture w mama,top,0
voiture 🏎️,artist,0
voiture 🏎️,context,1
voiture 🏎️,event,0
voiture 🏎️,genre,0
voiture 🏎️,moment,0
voiture 🏎️,mood,0
voiture 🏎️,period,0
voiture 🏎️,person,0
voiture 🏎️,top,0
vsco,artist,0
vsco,event,0
vsco,genre,0
vsco,moment,0
vsco,mood,0
vsco,period,0
vsco,person,0
vsco,top,0
wARiNOr's pARty,artist,0
wARiNOr's pARty,context,0
wARiNOr's pARty,event,1
wARiNOr's pARty,genre,0
wARiNOr's pARty,moment,0
wARiNOr's pARty,mood,0
wARiNOr's pARty,period,0
wARiNOr's pARty,person,0
wARiNOr's pARty,top,0
wet sand,context,0
wet sand,event,0
wet sand,genre,0
wet sand,moment,0
wet sand,period,0
wet sand,person,0
wet sand,top,0
wg party,artist,0
wg party,context,0
wg party,genre,0
wg party,moment,0
wg party,mood,0
wg party,period,0
wg party,top,0
whjye,artist,0
whjye,context,0
whjye,event,0
whjye,genre,0
whjye,moment,0
whjye,mood,0
whjye,period,0
whjye,person,0
whjye,top,0
xoxo,artist,0
xoxo,context,0
xoxo,event,0
xoxo,genre,0
xoxo,moment,0
xoxo,period,0
xoxo,person,0
xoxo,top,0
yello,context,0
yello,event,0
yello,genre,0
yello,moment,0
yello,mood,0
yello,period,0
yello,person,0
yello,top,0
yxhdjwjwkdkdkdkrk,artist,0
yxhdjwjwkdkdkdkrk,context,0
yxhdjwjwkdkdkdkrk,event,0
yxhdjwjwkdkdkdkrk,genre,0
yxhdjwjwkdkdkdkrk,moment,0
yxhdjwjwkdkdkdkrk,mood,0
yxhdjwjwkdkdkdkrk,period,0
yxhdjwjwkdkdkdkrk,person,0
yxhdjwjwkdkdkdkrk,top,0
{ 2011 - Mes Vieilles Charrues },artist,0
{ 2011 - Mes Vieilles Charrues },context,0
{ 2011 - Mes Vieilles Charrues },genre,0
{ 2011 - Mes Vieilles Charrues },mood,0
{ 2011 - Mes Vieilles Charrues },period,0
{ 2011 - Mes Vieilles Charrues },person,0
{ 2017 - Sunset },artist,0
{ 2017 - Sunset },context,0
{ 2017 - Sunset },event,0
{ 2017 - Sunset },genre,0
{ 2017 - Sunset },moment,1
{ 2017 - Sunset },period,0
{ 2017 - Sunset },person,0
{ 2017 - Sunset },top,0
{rap},artist,0
{rap},context,0
{rap},event,0
{rap},genre,1
{rap},moment,0
{rap},mood,0
{rap},period,0
{rap},person,0
{rap},top,0
à ré-écouter,artist,0
à ré-écouter,event,0
à ré-écouter,genre,0
à ré-écouter,moment,0
à ré-écouter,mood,0
à ré-écouter,period,0
à ré-écouter,person,0
à ré-écouter,top,0
ça a l’air cool,artist,0
ça a l’air cool,context,0
ça a l’air cool,event,0
ça a l’air cool,genre,0
ça a l’air cool,moment,0
ça a l’air cool,mood,0
ça a l’air cool,period,0
ça a l’air cool,person,0
ça a l’air cool,top,0
‐M‐ @ Le Scarabée 2023,artist,1
‐M‐ @ Le Scarabée 2023,context,0
‐M‐ @ Le Scarabée 2023,genre,0
‐M‐ @ Le Scarabée 2023,moment,0
‐M‐ @ Le Scarabée 2023,mood,0
‐M‐ @ Le Scarabée 2023,period,0
‐M‐ @ Le Scarabée 2023,person,0
‐M‐ @ Le Scarabée 2023,top,0
•0000,artist,0
•0000,context,0
•0000,event,0
•0000,genre,0
•0000,moment,0
•0000,mood,0
•0000,period,0
•0000,person,0
•0000,top,0
☀️day,artist,0
☀️day,event,0
☀️day,genre,0
☀️day,moment,0
☀️day,mood,1
☀️day,period,0
☀️day,person,0
☀️day,top,0
♡ русский язык ♡,artist,0
♡ русский язык ♡,context,0
♡ русский язык ♡,event,0
♡ русский язык ♡,genre,1
♡ русский язык ♡,moment,0
♡ русский язык ♡,mood,0
♡ русский язык ♡,period,0
♡ русский язык ♡,person,0
✨Orelsan✨,artist,1
✨Orelsan✨,context,0
✨Orelsan✨,event,0
✨Orelsan✨,genre,0
✨Orelsan✨,moment,0
✨Orelsan✨,mood,0
✨Orelsan✨,period,0
✨Orelsan✨,person,0
✨Orelsan✨,top,0
中国音乐🎶,artist,0
中国音乐🎶,context,0
中国音乐🎶,event,0
中国音乐🎶,moment,0
中国音乐🎶,mood,0
中国音乐🎶,period,0
中国音乐🎶,person,0
中国音乐🎶,top,0
지미 ❤️‍🔥,context,0
지미 ❤️‍🔥,event,0
지미 ❤️‍🔥,genre,0
지미 ❤️‍🔥,moment,0
지미 ❤️‍🔥,mood,0
지미 ❤️‍🔥,period,0
지미 ❤️‍🔥,top,0
🇫🇷 RAP Nov/Dec 2021,artist,0
🇫🇷 RAP Nov/Dec 2021,context,0
🇫🇷 RAP Nov/Dec 2021,event,0
🇫🇷 RAP Nov/Dec 2021,genre,1
🇫🇷 RAP Nov/Dec 2021,moment,1
🇫🇷 RAP Nov/Dec 2021,mood,0
🇫🇷 RAP Nov/Dec 2021,period,0
🇫🇷 RAP Nov/Dec 2021,person,0
🇫🇷 RAP Nov/Dec 2021,top,0
🌫,artist,0
🌫,context,0
🌫,event,0
🌫,genre,0
🌫,moment,0
🌫,period,0
🌫,person,0
🌫,top,0
🌻,artist,0
🌻,context,0
🌻,event,0
🌻,genre,0
🌻,moment,0
🌻,period,0
🌻,person,0
🌻,top,0
🍸🏝,artist,0
🍸🏝,event,0
🍸🏝,genre,0
🍸🏝,moment,0
🍸🏝,period,0
🍸🏝,person,0
🍸🏝,top,0
🍻🍾,artist,0
🍻🍾,event,0
🍻🍾,genre,0
🍻🍾,moment,0
🍻🍾,period,0
🍻🍾,person,0
🍻🍾,top,0
🎣,artist,0
🎣,context,1
🎣,event,0
🎣,genre,0
🎣,moment,0
🎣,mood,0
🎣,period,0
🎣,person,0
🎣,top,0
🎧🇫🇷 RAP FR,artist,0
🎧🇫🇷 RAP FR,context,0
🎧🇫🇷 RAP FR,event,0
🎧🇫🇷 RAP FR,genre,1
🎧🇫🇷 RAP FR,moment,0
🎧🇫🇷 RAP FR,mood,0
🎧🇫🇷 RAP FR,period,0
🎧🇫🇷 RAP FR,person,0
🎧🇫🇷 RAP FR,top,0
🏃🏼‍♀️ 🏃🏼‍♀️,artist,0
🏃🏼‍♀️ 🏃🏼‍♀️,context,1
🏃🏼‍♀️ 🏃🏼‍♀️,event,0
🏃🏼‍♀️ 🏃🏼‍♀️,genre,0
🏃🏼‍♀️ 🏃🏼‍♀️,moment,0
🏃🏼‍♀️ 🏃🏼‍♀️,mood,0
🏃🏼‍♀️ 🏃🏼‍♀️,period,0
🏃🏼‍♀️ 🏃🏼‍♀️,person,0
🏃🏼‍♀️ 🏃🏼‍♀️,top,0
🏋🏾‍♀️🏋🏾‍♀️,artist,0
🏋🏾‍♀️🏋🏾‍♀️,context,1
🏋🏾‍♀️🏋🏾‍♀️,event,0
🏋🏾‍♀️🏋🏾‍♀️,genre,0
🏋🏾‍♀️🏋🏾‍♀️,moment,0
🏋🏾‍♀️🏋🏾‍♀️,mood,0
🏋🏾‍♀️🏋🏾‍♀️,period,0
🏋🏾‍♀️🏋🏾‍♀️,person,0
🏋🏾‍♀️🏋🏾‍♀️,top,0
👰🏽‍♀️,artist,0
👰🏽‍♀️,context,0
👰🏽‍♀️,event,1
👰🏽‍♀️,genre,0
👰🏽‍♀️,moment,0
👰🏽‍♀️,mood,0
👰🏽‍♀️,period,0
👰🏽‍♀️,person,0
👰🏽‍♀️,top,0
💪🏻🇫🇷,artist,0
💪🏻🇫🇷,context,1
💪🏻🇫🇷,event,0
💪🏻🇫🇷,genre,1
💪🏻🇫🇷,moment,0
💪🏻🇫🇷,mood,0
💪🏻🇫🇷,period,0
💪🏻🇫🇷,person,0
💪🏻🇫🇷,top,0
💪🏼,artist,0
💪🏼,event,0
💪🏼,genre,0
💪🏼,moment,0
💪🏼,period,0
💪🏼,person,0
💪🏼,top,0
🔥RAP FRANCOPHONE 🔥,artist,0
🔥RAP FRANCOPHONE 🔥,context,0
🔥RAP FRANCOPHONE 🔥,event,0
🔥RAP FRANCOPHONE 🔥,genre,1
🔥RAP FRANCOPHONE 🔥,moment,0
🔥RAP FRANCOPHONE 🔥,mood,0
🔥RAP FRANCOPHONE 🔥,period,0
🔥RAP FRANCOPHONE 🔥,person,0
🔥RAP FRANCOPHONE 🔥,top,0
😎🥳,artist,0
😎🥳,event,0
😎🥳,genre,0
😎🥳,moment,0
😎🥳,period,0
😎🥳,person,0
😎🥳,top,0
😖,artist,0
😖,context,0
😖,event,0
😖,genre,0
😖,moment,0
😖,mood,1
😖,period,0
😖,person,0
😖,top,0
😪😪😪,artist,0
😪😪😪,context,0
😪😪😪,event,0
😪😪😪,genre,0
😪😪😪,moment,0
😪😪😪,mood,1
😪😪😪,period,0
😪😪😪,person,0
😪😪😪,top,0
🚀🌑,artist,0
🚀🌑,context,0
🚀🌑,event,0
🚀🌑,genre,0
🚀🌑,moment,0
🚀🌑,period,0
🚀🌑,person,0
🚀🌑,top,0
🤷🏻‍♀️🙂,artist,0
🤷🏻‍♀️🙂,context,0
🤷🏻‍♀️🙂,event,0
🤷🏻‍♀️🙂,genre,0
🤷🏻‍♀️🙂,moment,0
🤷🏻‍♀️🙂,mood,1
🤷🏻‍♀️🙂,period,0
🤷🏻‍♀️🙂,person,0
🤷🏻‍♀️🙂,top,0
